Buffer Number,Packet,Start Time,End Time,ID,RTR,FDF,DLC,Data,CRC,ACK,CRC Valid,Bit Stuffing Valid,Valid,SBC,SBC Parity,IDE,BRS,ESI
19,1,0.00102979993886265,0.00168299990103325,219,0,1,F,39 0E 01 0F C0 35 FF FF FF FF FF FF FF DF D3 08 BC FD FF 39 0E 00 20 D5 33 D7 20 68 81 83 1A 3F 26 80 55 68 4D C1 16 B3 28 1D 5C 06 03 00 F1 FF FF FF FF 61 A9 7F 54 00 00 00 00 00 00 00 00 00,10 88 8E,0,1,1,1,3,1,0,1,0
19,2,0.00571509966070494,0.00609429963914242,219,0,1,D,39 0F 00 15 10 CC D7 20 FF FF 7F CF FF FF 3F FF FF FF FF FF FF 62 9F 6C 31 00 00 00 00 00 00 00,1E 10 D6,0,1,1,1,1,1,0,1,0
19,3,0.00653229961218926,0.00690939959087015,220,0,1,D,39 10 00 16 7B 48 BB 0E 9A 01 00 23 98 35 2C 00 00 00 00 00 FF FF 60 D8 04 DE 00 00 00 00 00 00,12 9E 2E,0,1,1,1,6,0,0,1,0
19,4,0.00691559958943344,0.00760279954970426,18E19490,0,1,F,03 68 06 C7 16 61 D2 11 0E 12 0E 1D 00 02 01 E1 00 00 00 02 01 02 01 00 00 EF 01 EF 01 00 00 00 00 05 02 01 10 00 AC 0D 0D 0E 0D 0E 1E 00 94 D7 05 64 16 D1 0C 84 1C 00 13 11 00 15 05 15 00 00,1C D0 D3,0,1,1,1,6,0,1,1,0
19,5,0.0183775989089554,0.0187457988880459,217,0,1,D,39 13 00 15 3D 0C BB 0A A0 69 4D D1 0F 12 38 F0 FF FF FF FF FF 63 5C D4 6C 00 00 00 00 00 00 00,03 16 B7,0,1,1,1,6,0,0,1,0
19,6,0.0187517988867398,0.0192679988571626,02D,0,1,E,66 05 C4 04 C4 09 00 90 70 97 58 62 46 52 75 2B 88 E0 30 FF FF FF 7F 40 02 D2 35 FF FF FF FF 00 FE FF 67 E0 C0 85 00 00 00 00 00 00 00 00 00 00,08 42 BD,0,1,1,1,1,1,0,1,0
19,7,0.0210039987530308,0.0215201987233349,219,0,1,E,39 0E 00 20 05 AB D8 20 68 81 83 1A 3F 26 80 95 68 4D C1 16 B3 28 1D 5C 06 03 00 F1 FF FF FF FF 64 8F 7C 0E 00 00 00 00 00 00 00 00 00 00 00 00,02 C1 E2,0,1,1,1,2,0,0,1,0
19,8,0.0257122984735076,0.0260923984520104,219,0,1,D,39 0F 00 15 AE 39 D8 20 FF FF 7F CF FF FF 3F FF FF FF FF FF FF 64 6B 78 A0 00 00 00 00 00 00 00,18 6F 69,0,1,1,1,2,0,0,1,0
19,9,0.0264763984281444,0.0268555984067006,220,0,1,D,39 10 00 16 E4 20 BC 0E 9A 01 00 23 98 35 2C 00 00 00 00 00 FF FF 63 14 00 0F 00 00 00 00 00 00,1A EF 2E,0,1,1,1,0,0,0,1,0
19,10,0.0365379978308056,0.03725309778942,18E19490,0,1,F,04 55 01 55 01 0E 00 3E 30 ED 0C 6E 0D 22 01 7D 01 08 03 01 01 01 01 01 00 00 00 00 00 00 00 00 00 00 00 00 00 00 00 00 00 00 00 00 00 00 00 00 00 00 00 00 00 00 00 00 13 11 00 15 05 15 00 00,1D 40 16,0,1,1,1,2,0,1,1,0
19,11,0.0384911977148477,0.0390042976854545,02D,0,1,E,73 2F C5 04 C4 09 00 90 70 97 58 62 46 52 75 2B 98 E0 30 FF FF FF 7F 40 02 D2 35 FF FF FF FF 00 FE FF 69 19 AF 43 00 00 00 00 00 00 00 00 00 00,0B 3D 0E,0,1,1,1,6,0,0,1,0
19,12,0.0391324976767748,0.0395025976558713,217,0,1,D,39 13 00 15 93 7E BC 0A A0 69 4D D1 0F 12 38 F0 FF FF FF FF FF 65 C4 4F 3C 00 00 00 00 00 00 00,15 9B 33,0,1,1,1,0,0,0,1,0
19,13,0.0410065975655129,0.0415197975359951,219,0,1,E,39 0E 00 20 5E 3E D9 20 68 81 83 1A 3F 26 80 95 68 4D C1 16 B3 28 1D 5C 05 03 00 F1 FF FF FF FF 66 BD BA 13 00 00 00 00 00 00 00 00 00 00 00 00,0B AB 8A,0,1,1,1,7,1,0,1,0
19,14,0.043611797410847,0.0437679974025236,227,0,1,8,00 80 00 04 31 D2 4A 00,0 5C D8,0,1,1,1,7,1,0,1,0
19,15,0.0457299972850933,0.0461080972637148,219,0,1,D,39 0F 00 15 4C 29 D9 20 FF FF 7F CF FF FF 3F FF FF FF FF FF FF 66 14 EC 71 00 00 00 00 00 00 00,14 2D 16,0,1,1,1,0,0,0,1,0
19,16,0.0466260972318935,0.0470042972103903,220,0,1,D,39 10 00 16 C0 88 BD 0E 9A 01 00 23 98 35 2C 00 00 00 00 00 FF FF 65 04 C6 82 00 00 00 00 00 00,14 B9 89,0,1,1,1,7,1,0,1,0
19,17,0.0484922971211006,0.0487254971082058,212,0,1,A,39 0C 14 0C FF FF FF FF FD FF FF FF FF FF FF FF,0 2F B8,0,1,1,1,4,0,0,1,0
18,1,0.0074121995599512,0.00777839953927921,219,0,1,D,39 0E 04 10 5C E3 0B 4C 24 B4 DB FF 3F AE 6C 79 EB FF FF FF 39 0F 01 06 4D 85 04 60 D4 1E 00 00,07 78 E3,0,1,1,1,4,0,0,1,0
18,2,0.0101386993980839,0.0105128993768182,217,0,1,D,39 13 00 15 51 80 A2 0A A0 69 4D D2 0F 12 38 F0 FF FF FF FF FF 31 1F 10 BF 00 00 00 00 00 00 00,08 86 99,0,1,1,1,4,0,0,1,0
18,3,0.0105188993755121,0.0110330993459349,02D,0,1,E,8A 05 AB 04 C4 09 00 90 70 97 58 62 46 52 75 2B 98 E0 30 FF FF FF 7F 40 02 D2 35 FF FF FF FF 00 FE FF 35 FA 3D BD 00 00 00 00 00 00 00 00 00 00,07 F1 20,0,1,1,1,7,1,0,1,0
18,4,0.0127910992406157,0.0133061992111038,219,0,1,E,39 0E 00 20 FD 56 BF 20 68 81 83 1A 3F 27 80 95 68 4D C1 16 B3 28 1D 5C 05 03 00 F1 FF FF FF FF 32 98 A9 06 00 00 00 00 00 00 00 00 00 00 00 00,12 A0 69,0,1,1,1,1,1,0,1,0
18,5,0.0145922991336818,0.014702399128214,068,0,0,1,04,37 77,0,1,1,1,,,0,,
18,6,0.0153825990867631,0.0155747990763024,227,0,1,9,41 00 00 08 03 A9 9F B7 B5 7E 00 00,1 85 89,0,1,1,1,3,1,0,1,0
18,7,0.0175107989604157,0.0178939989386157,219,0,1,D,39 0F 00 15 06 0F BF 20 FF FF 7F CF FF FF 3F FF FF FF FF FF FF 32 1E 11 07 00 00 00 00 00 00 00,0A DC 00,0,1,1,1,5,1,0,1,0
18,8,0.0182019989193805,0.0185770988981801,220,0,1,D,39 10 00 16 F4 7A A3 0E 9A 01 00 23 98 35 2C 00 00 00 00 00 FF FF 31 8C F5 D5 00 00 00 00 00 00,19 0D AE,0,1,1,1,4,0,0,1,0
18,9,0.0185832988967434,0.0192784988564205,18E19490,0,1,F,02 84 00 64 64 64 01 00 05 27 55 02 03 00 00 00 00 00 00 00 0F 01 13 01 C2 04 C0 04 B6 04 02 00 FE FF 00 00 4D 14 C6 05 73 05 81 13 00 00 05 02 7A 08 80 0C 8A 0F ED 0B 13 11 00 15 05 15 00 00,18 2B 58,0,1,1,1,6,0,1,1,0
18,10,0.0302865982019398,0.0308006981724872,02D,0,1,E,D7 3A AC 04 C4 09 00 90 70 97 58 62 46 52 75 2B 98 E0 30 FF FF FF 7F 40 02 D2 35 FF FF FF FF 00 FE FF 37 45 5F 9A 00 00 00 00 00 00 00 00 00 00,08 6C 5E,0,1,1,1,7,1,0,1,0
18,11,0.0308068981710505,0.0311779981500876,217,0,1,D,39 13 00 15 FE 78 A3 09 A0 69 4D D2 0F 12 38 F0 FF FF FF FF FF 33 B4 87 44 00 00 00 00 00 00 00,13 2C 6A,0,1,1,1,1,1,0,1,0
18,12,0.0311840981486569,0.0313422981402147,227,0,1,8,00 80 00 04 DF 06 45 00,1 FC 69,0,1,1,1,1,1,0,1,0
18,13,0.0328161980517621,0.0333313980222442,219,0,1,E,39 0E 00 20 49 47 C0 20 68 81 83 1A 3F 26 80 95 68 4D C1 16 B3 28 1D 5C 05 03 00 F1 FF FF FF FF 34 9B 8E C0 00 00 00 00 00 00 00 00 00 00 00 00,19 2B 8B,0,1,1,1,1,1,0,1,0
18,14,0.0375014977736043,0.037884597751929,219,0,1,D,39 0F 00 15 BF A0 C0 20 FF FF 7F CF FF FF 3F FF FF FF FF FF FF 34 60 8D 00 00 00 00 00 00 00 00,13 A8 57,0,1,1,1,5,1,0,1,0
18,15,0.0382266977305505,0.0386027977092908,220,0,1,D,39 10 00 16 6B 12 A4 0E 9A 01 00 23 98 35 2C 00 00 00 00 00 FF FF 33 DC 25 4B 00 00 00 00 00 00,1E 49 0C,0,1,1,1,5,1,0,1,0
18,16,0.0401470976165399,0.0403421976060258,217,0,1,9,39 FE 28 08 29 00 00 00 00 00 00 00,0 CC E2,0,1,1,1,6,0,0,1,0
18,17,0.0404102976009142,0.0406433975881441,212,0,1,A,39 0C 14 0C FF FF FF FF FD FF FF FF FF FF FF FF,0 2F B8,0,1,1,1,4,0,0,1,0
18,18,0.0454576973012593,0.0456467972909826,227,0,1,9,02 80 00 08 28 9E D2 01 83 33 18 83,0 31 D8,0,1,1,1,0,0,0,1,0
18,19,0.0482288971367382,0.0489189970968368,18E19490,0,1,F,03 68 06 C1 16 62 D2 10 0E 10 0E 1D 00 F0 00 F6 00 00 00 02 01 02 01 00 00 EF 01 EF 01 00 00 00 00 04 02 01 10 00 AC 0D 0E 0E 0E 0E 1E 00 94 D6 05 5E 16 DB 0C 84 1C 00 13 11 00 15 05 15 00 00,0D 42 29,0,1,1,1,1,1,1,1,0
17,1,0.00415409975337866,0.00484329971341201,18E19490,0,1,F,03 68 06 BA 16 65 D2 10 0E 10 0E 1D 00 F4 00 F2 00 00 00 02 01 02 01 00 00 EF 01 EF 01 00 00 00 00 04 02 01 10 00 AC 0D 0D 0E 0D 0E 1E 00 94 D7 05 6B 16 D2 0C 84 1C 00 13 11 00 15 05 15 00 00,1E 2E AF,0,1,1,1,0,0,1,1,0
17,2,0.00605539964050195,0.00656259961145904,217,0,1,E,39 13 01 0B 58 BA 78 55 95 00 FE 03 BA FF EF 39 13 00 15 78 46 86 09 A0 69 0D D4 0F 12 38 F0 FF FF FF FF FF F8 1E 9D 5D 00 00 00 00 00 00 00 00,15 1D 96,0,1,1,1,1,1,0,1,0
17,3,0.00656869961002826,0.00708279958057571,02D,0,1,E,37 12 8F 04 C4 09 00 90 70 97 58 62 46 52 75 2B 98 E0 30 FF FF FF 7F 40 02 D2 35 FF FF FF FF 00 FE FF FD 0B 04 43 00 00 00 00 00 00 00 00 00 00,16 B2 20,0,1,1,1,7,1,0,1,0
17,4,0.007088999579139,0.00724319957105306,212,0,1,8,39 04 06 04 B7 D8 85 84,1 5C 9E,0,1,1,1,5,1,0,1,0
17,5,0.00876119947986354,0.00927529945041099,219,0,1,E,39 0E 00 20 2E 99 A3 20 68 81 83 1A 3F 27 80 95 68 4D C1 16 B3 28 1D 5C 05 03 00 F1 FF FF FF FF F9 D7 03 8F 00 00 00 00 00 00 00 00 00 00 00 00,0E D2 47,0,1,1,1,0,0,0,1,0
17,6,0.0134713992002276,0.0138525991785463,219,0,1,D,39 0F 00 15 9F D5 A3 20 FF FF 7F CF FF FF 3F FF FF FF FF FF FF F9 FD 6B 22 00 00 00 00 00 00 00,1C C9 51,0,1,1,1,3,1,0,1,0
17,7,0.014236599154799,0.0146127991334146,220,0,1,D,39 10 00 16 32 BC 87 0E 9A 01 00 23 98 35 2C 00 00 00 00 00 FF FF F8 8E EE B1 00 00 00 00 00 00,1C 68 45,0,1,1,1,5,1,0,1,0
17,8,0.0162007990381881,0.0163898990280301,227,0,1,9,39 06 0B 08 00 11 11 18 00 00 D0 FF,1 D9 7D,0,1,1,1,0,0,0,1,0
17,9,0.0260486984535362,0.0264198984324486,217,0,1,D,39 13 00 15 9A 56 87 09 A0 69 0D D4 0F 12 38 F0 FF FF FF FF FF FA 91 03 42 00 00 00 00 00 00 00,06 C3 FA,0,1,1,1,1,1,0,1,0
17,10,0.0264258984311425,0.0269420984014465,02D,0,1,E,62 F4 90 04 C4 09 00 90 70 97 58 62 46 52 75 2B 98 E0 30 FF FF FF 7F 40 02 D2 35 FF FF FF FF 00 FE FF FF BA 87 80 00 00 00 00 00 00 00 00 00 00,09 9A B3,0,1,1,1,1,1,0,1,0
17,11,0.0269482984001286,0.0272503983832621,212,0,1,C,39 FE 1D 08 59 40 B2 08 40 02 00 00 39 04 0C 05 0E 0F F4 FF FF 00 00 00,06 E0 FB,0,1,1,1,4,0,0,1,0
17,12,0.0272565983818254,0.0279167983435804,227,0,1,F,41 00 05 08 00 80 03 43 D0 03 FE CF 39 04 22 08 00 3D 87 7E 78 1F FA FF 39 80 00 0C 00 7F B2 8F 1A 30 B0 FE 01 53 2C E6 05 00 00 0C F5 FC FF 00 00 00 00 00 01 D8 10 52 00 00 00 00 00 00 00 00,19 CD CE,0,1,1,1,2,0,0,1,0
17,13,0.0287867982909802,0.0293008982615276,219,0,1,E,39 0E 00 20 C2 66 A4 20 68 81 83 1A 3F 27 80 95 68 4D C1 16 B3 28 1D 5C 05 03 00 F1 FF FF FF FF FB 09 3E 94 00 00 00 00 00 00 00 00 00 00 00 00,03 33 84,0,1,1,1,0,0,0,1,0
17,14,0.0334590980135943,0.0338391979920971,219,0,1,D,39 0F 00 15 31 A7 A4 20 FF FF 7F CF FF FF 3F FF FF FF FF FF FF FB 8E A0 EF 00 00 00 00 00 00 00,0A C9 8A,0,1,1,1,2,0,0,1,0
17,15,0.0341332979735682,0.0346443979442938,220,0,1,E,39 10 01 10 55 43 40 30 55 10 09 56 E9 9C 11 20 95 C0 FF F5 39 10 00 16 28 C5 88 0E 9A 01 00 23 98 35 2C 00 00 00 00 00 FF FF FA 02 C2 57 00 00,0D FC E5,0,1,1,1,4,0,0,1,0
17,16,0.0346505979428571,0.0353657979013469,18E19490,0,1,F,04 53 01 56 01 0F 00 3E 30 EB 0C 6E 0D 22 01 7D 01 08 03 01 01 01 01 01 00 00 00 00 00 00 00 00 00 00 00 00 00 00 00 00 00 00 00 00 00 00 00 00 00 00 00 00 00 00 00 00 13 11 00 15 05 15 00 00,1B BE CB,0,1,1,1,2,0,1,1,0
17,17,0.0460465972662973,0.0464186972452751,217,0,1,D,39 13 00 15 1F 44 88 09 A0 69 CD D3 0F 12 38 F0 FF FF FF FF FF FC 4C 40 46 00 00 00 00 00 00 00,09 DD 55,0,1,1,1,2,0,0,1,0
17,18,0.0464247972438443,0.046941997214089,02D,0,1,E,7D FD 91 04 C4 09 00 90 70 97 58 62 46 52 75 2B 98 E0 30 FF FF FF 7F 40 02 D2 35 FF FF FF FF 00 FE FF 01 2A 3F 12 00 00 00 00 00 00 00 00 00 00,09 A8 8E,0,1,1,1,2,0,0,1,0
17,19,0.046948197212771,0.0471353972026072,227,0,1,9,41 00 05 08 01 04 79 76 A5 B6 BC AA,0 40 12,0,1,1,1,6,0,0,1,0
17,20,0.0487753971042935,0.0494284970665888,219,0,1,F,39 0E 01 0F CC 35 FF FF FF FF FF FF FF DF D3 08 BC FD FF 39 0E 00 20 56 42 A5 20 68 81 83 1A 3F 27 80 95 68 4D C1 16 B3 28 1D 5C 05 03 00 F1 FF FF FF FF FD D2 64 7C 00 00 00 00 00 00 00 00 00,13 C7 B8,0,1,1,1,3,1,0,1,0
16,1,0.00294019982544569,0.0033212998038891,219,0,1,D,39 0F 00 15 49 4F 89 20 FF FF 7F CF FF FF 3F FF FF FF FF FF FF C5 AF E1 90 00 00 00 00 00 00 00,17 D7 B7,0,1,1,1,3,1,0,1,0
16,2,0.00357929978750349,0.00395449976617844,220,0,1,D,39 10 00 16 93 2F 6D 0E 9A 01 00 23 98 35 2C 00 00 00 00 00 FF FF C4 25 2C 59 00 00 00 00 00 00,00 CB BB,0,1,1,1,4,0,0,1,0
16,3,0.00396069976486046,0.00465689972447823,18E19490,0,1,F,01 E7 01 66 0D 7D 01 80 0C F1 00 BC 02 06 06 20 03 00 00 40 1F 01 BF 03 AC 0D E9 06 01 20 03 48 0E 01 FA 06 84 0C 00 00 01 01 00 00 FD 37 D0 07 AC 0D 40 1F 0C 42 30 57 13 11 00 15 05 15 00 00,1C 2C D4,0,1,1,1,7,1,1,1,0
16,4,0.00572689966000439,0.0059599996472343,212,0,1,A,39 0C 14 0C FF FF FF FF FD FF FF FF FF FF FF FF,0 2F B8,0,1,1,1,4,0,0,1,0
16,5,0.0154727990814081,0.0159819990521277,217,0,1,E,39 13 01 0B 58 BA 78 55 95 00 FE 03 BA FF EF 39 13 00 15 DE FA 6D 09 A0 69 8D D2 0F 12 38 F0 FF FF FF FF FF C6 9C 41 E4 00 00 00 00 00 00 00 00,19 C4 90,0,1,1,1,3,1,0,1,0
16,6,0.0159879990508216,0.0165003990212325,02D,0,1,E,67 59 76 04 C4 09 00 90 70 97 58 62 46 52 75 2B 98 E0 30 FF FF FF 7F 40 02 D2 35 FF FF FF FF 00 FE FF CB 4C 78 66 00 00 00 00 00 00 00 00 00 00,1E 8B 3F,0,1,1,1,7,1,0,1,0
16,7,0.0165083990199264,0.0166624990118464,212,0,1,8,39 04 06 04 F2 64 80 84,1 6F 5C,0,1,1,1,5,1,0,1,0
16,8,0.0182384989172135,0.0187526988876363,219,0,1,E,39 0E 00 20 3F 5B 8A 20 68 81 83 1A 3F 27 80 95 68 4D C1 16 B3 28 1D 5C 05 03 00 F1 FF FF FF FF C7 72 16 C3 00 00 00 00 00 00 00 00 00 00 00 00,1C 0C 12,0,1,1,1,0,0,0,1,0
16,9,0.0208326987632006,0.021129098746435,227,0,1,C,41 00 00 08 00 57 31 4B 41 46 35 45 39 06 0B 08 00 11 11 18 00 00 D0 FF,15 C3 B4,0,1,1,1,0,0,0,1,0
16,10,0.0229907986350781,0.023370998613575,219,0,1,D,39 0F 00 15 6F 7E 8A 20 FF FF 7F CF FF FF 3F FF FF FF FF FF FF C7 8E B6 6F 00 00 00 00 00 00 00,0F 58 1A,0,1,1,1,2,0,0,1,0
16,11,0.0235629986011077,0.0239401985797826,220,0,1,D,39 10 00 16 DE C7 6E 0E 9A 01 00 23 98 35 2C 00 00 00 00 00 FF FF C6 DF AD 5A 00 00 00 00 00 00,0C 1E 6B,0,1,1,1,6,0,0,1,0
16,12,0.0335544980079305,0.0342495979677324,18E19490,0,1,F,02 84 00 64 64 64 01 00 05 27 55 02 03 00 00 00 00 00 00 00 0F 01 13 01 C1 04 C1 04 B9 04 02 00 FF FF 00 00 4E 14 C7 05 75 05 84 13 00 00 03 02 79 08 80 0C 5D 0F ED 0B 13 11 00 15 05 15 00 00,03 DC E1,0,1,1,1,6,0,1,1,0
16,13,0.0353997978983784,0.0357709978774096,217,0,1,D,39 13 00 15 2D 7D 6E 09 A0 69 0D D3 0F 12 38 F0 FF FF FF FF FF C8 4E 1E 0C 00 00 00 00 00 00 00,1F 89 6F,0,1,1,1,1,1,0,1,0
16,14,0.0357770978759788,0.0362911978465263,02D,0,1,E,78 50 77 04 C4 09 00 90 70 97 58 62 46 52 75 2B 98 E0 30 FF FF FF 7F 40 02 D2 35 FF FF FF FF 00 FE FF CD 44 D3 67 00 00 00 00 00 00 00 00 00 00,17 1B E9,0,1,1,1,7,1,0,1,0
16,15,0.0362973978450896,0.0368165978152155,227,0,1,E,41 00 05 08 00 80 03 43 D0 03 CC ED 39 04 22 08 00 3D 86 7E 78 0F FA FF 41 00 00 08 01 42 31 50 52 31 31 38 00 00 00 00 00 00 00 00 00 00 00 00,12 8F D8,0,1,1,1,5,1,0,1,0
16,16,0.0382665977281818,0.0387757976989014,219,0,1,E,39 FE 0B 08 61 00 00 00 01 00 00 00 39 0E 00 20 64 CE 8B 20 68 81 83 1A 3F 27 80 95 68 4D C1 16 B3 28 1D 5C 06 03 00 F1 FF FF FF FF C9 FA 29 BE,0E 08 5A,0,1,1,1,3,1,0,1,0
16,17,0.0408317975758905,0.0413548975459037,212,0,1,E,39 04 0C 05 0E 0F F4 FF FF 39 15 01 14 44 F9 91 E5 F8 5F F5 FF FF FF FF FE 07 00 A1 28 75 FE FF FF 00 00 00 00 00 00 00 00 00 00 00 00 00 00 00,02 88 75,0,1,1,1,1,1,0,1,0
16,18,0.0429468974503209,0.0433260974287584,219,0,1,D,39 0F 00 15 8D 6E 8B 20 FF FF 7F CF FF FF 3F FF FF FF FF FF FF C9 A3 96 AE 00 00 00 00 00 00 00,17 22 9D,0,1,1,1,1,1,0,1,0
16,19,0.0436100974109479,0.0441212973815488,220,0,1,E,39 10 01 10 55 43 40 00 55 10 E1 42 E9 9C 12 20 95 C0 FF F5 39 10 00 16 FA 6F 6F 0E 9A 01 00 23 98 35 2C 00 00 00 00 00 FF FF C8 FF 3A F9 00 00,11 80 79,0,1,1,1,4,0,0,1,0
15,1,0.00290879982730985,0.00362399978591836,18E19490,0,1,F,04 53 01 55 01 0E 00 3E 30 ED 0C 6E 0D 22 01 7D 01 08 03 01 01 01 01 01 00 00 00 00 00 00 00 00 00 00 00 00 00 00 00 00 00 00 00 00 00 00 00 00 00 00 00 00 00 00 00 00 13 11 00 15 05 15 00 00,14 97 AD,0,1,1,1,2,0,1,1,0
15,2,0.00512999969544126,0.00564339966579279,02D,0,1,E,60 30 5C 04 C4 09 00 90 70 97 58 62 46 52 75 2B 98 E0 30 FF FF FF 7F 40 02 D2 35 FF FF FF FF 00 FE FF 97 18 D5 DC 00 00 00 00 00 00 00 00 00 00,09 AA B0,0,1,1,1,0,0,0,1,0
15,3,0.00565139966448669,0.00580749965628795,227,0,1,8,00 80 00 04 AA 44 35 00,0 AD 8F,0,1,1,1,7,1,0,1,0
15,4,0.00613369963585342,0.00650479961489052,217,0,1,D,39 13 00 15 F1 D2 53 09 A0 69 4D D2 0F 12 38 F0 FF FF FF FF FF 92 49 BB 76 00 00 00 00 00 00 00,1C 06 E4,0,1,1,1,1,1,0,1,0
15,5,0.00766489954494887,0.00817899951549632,219,0,1,E,39 0E 00 20 B8 B3 70 20 68 81 83 1A 3F 27 80 55 68 4D C1 16 B3 28 1D 5C 06 03 00 F1 FF FF FF FF 93 B1 D8 0D 00 00 00 00 00 00 00 00 00 00 00 00,01 13 B2,0,1,1,1,0,0,0,1,0
15,6,0.012353099266619,0.0127332992449971,219,0,1,D,39 0F 00 15 B4 72 70 20 FF FF 7F CF FF FF 3F FF FF FF FF FF FF 93 DE 17 4C 00 00 00 00 00 00 00,09 56 5C,0,1,1,1,2,0,0,1,0
15,7,0.0129692992300363,0.0133473992086578,220,0,1,D,39 10 00 16 2C F3 54 0E 9A 01 00 23 98 35 2C 00 00 00 00 00 FF FF 92 A2 F9 E0 00 00 00 00 00 00,1C AB B6,0,1,1,1,7,1,0,1,0
15,8,0.0151414991010768,0.0153745990883067,212,0,1,A,39 0C 14 0C FF FF FF FF FD FF FF FF FF FF FF FF,0 2F B8,0,1,1,1,4,0,0,1,0
15,9,0.01538079908687,0.0155379990784872,227,0,1,8,3A 02 00 04 F4 FF FF FF,0 5B 4C,0,1,1,1,0,0,0,1,0
15,10,0.0248666985237094,0.0253728984946071,217,0,1,E,39 13 01 0B 58 BA 88 55 95 00 FE 03 BA FF EF 39 13 00 15 2F 4F 54 09 A0 69 8D D2 0F 12 38 F0 FF FF FF FF FF 94 26 F5 11 00 00 00 00 00 00 00 00,12 1B DC,0,1,1,1,0,0,0,1,0
15,11,0.0253789984932951,0.0258920984639019,02D,0,1,E,75 1A 5D 04 C4 09 00 90 70 97 58 62 46 52 75 2B 88 E0 30 FF FF FF 7F 40 02 D2 35 FF FF FF FF 00 FE FF 99 59 31 28 00 00 00 00 00 00 00 00 00 00,1A 48 8E,0,1,1,1,6,0,0,1,0
15,12,0.0258982984624652,0.0260524984542605,212,0,1,8,39 04 06 04 A0 E5 7B 84,0 F9 E9,0,1,1,1,5,1,0,1,0
15,13,0.0276524983583215,0.0281655983289283,219,0,1,E,39 0E 00 20 91 C4 71 20 68 81 83 1A 3F 27 80 95 68 4D C1 16 B3 28 1D 5C 06 03 00 F1 FF FF FF FF 95 EE FF 8A 00 00 00 00 00 00 00 00 00 00 00 00,06 F4 64,0,1,1,1,7,1,0,1,0
15,14,0.0324117980757705,0.032792898054214,219,0,1,D,39 0F 00 15 56 62 71 20 FF FF 7F CF FF FF 3F FF FF FF FF FF FF 95 F5 99 F5 00 00 00 00 00 00 00,03 99 F3,0,1,1,1,3,1,0,1,0
15,15,0.0329028980466148,0.0332800980252898,220,0,1,D,39 10 00 16 3D F6 55 0E 9A 01 00 23 9C 35 2C 00 00 00 00 00 FF FF 94 08 32 DA 00 00 00 00 00 00,01 9B 92,0,1,1,1,6,0,0,1,0
15,16,0.0332862980238531,0.0339723979841892,18E19490,0,1,F,00 00 00 01 55 55 55 55 05 68 06 D8 03 00 00 EF 01 67 01 3B 02 8D 00 00 83 01 8F 01 00 00 E9 08 E3 08 00 00 55 54 51 10 01 10 01 C7 01 93 01 70 01 4F 01 55 55 51 3C 03 13 11 00 15 05 15 00 00,18 E2 03,0,1,1,1,5,1,1,1,0
15,17,0.0350944979165035,0.035283697906221,227,0,1,9,39 06 0B 08 00 11 11 18 00 00 D0 FF,1 D9 7D,0,1,1,1,0,0,0,1,0
15,18,0.0448583973368386,0.0452265973159292,217,0,1,D,39 13 00 15 18 E9 55 09 A0 69 0D D3 0F 12 38 F0 FF FF FF FF FF 96 6B 3A 18 00 00 00 00 00 00 00,06 33 E8,0,1,1,1,6,0,0,1,0
15,19,0.045232597314623,0.0457467972850458,02D,0,1,E,5E 22 5E 04 C4 09 00 90 70 97 58 62 46 52 75 2B 98 E0 30 FF FF FF 7F 40 02 D2 35 FF FF FF FF 00 FE FF 9B EF 50 33 00 00 00 00 00 00 00 00 00 00,00 56 1E,0,1,1,1,7,1,0,1,0
15,20,0.0457529972837278,0.0460550972668614,212,0,1,C,39 FE 1D 08 59 40 B2 08 40 02 00 00 39 04 0C 05 0E 0F F4 FF FF 00 00 00,06 E0 FB,0,1,1,1,4,0,0,1,0
15,21,0.0460612972654246,0.0467174972274171,227,0,1,F,41 00 05 08 00 80 03 43 D0 03 9A AD 39 04 22 08 00 3D 87 7E 78 1F FA FF 39 80 00 0C 00 7F 82 8F 1A 30 B0 FE 9D 49 8C 62 05 00 00 0C F5 FC FF 00 00 00 00 00 9D 04 88 A1 00 00 00 00 00 00 00 00,0E B4 68,0,1,1,1,6,0,0,1,0
15,22,0.0476773971694797,0.0481905971400806,219,0,1,E,39 0E 00 20 2D A9 72 20 68 81 83 1A 3F 27 80 95 68 4D C1 16 B3 28 1D 5C 06 03 00 F1 FF FF FF FF 97 E1 8D 2E 00 00 00 00 00 00 00 00 00 00 00 00,0B 9A F7,0,1,1,1,7,1,0,1,0
14,1,0.00766039954521602,0.00816059951635122,219,0,1,E,39 0E 02 2A 3E 00 47 00 65 0A 00 82 1C C8 01 00 47 40 3E 49 E0 D1 6C C2 4D 85 E3 8D 90 82 F8 47 CE 43 06 88 67 E9 FF FF FF FF 67 50 96 5A 00 00,04 FE 38,1,1,1,0,4,0,0,1,0
14,2,0.0101607993967718,0.0105309993757436,217,0,1,D,39 13 00 15 DB 9C 3D 09 A0 69 8D D2 0F 12 38 F0 FF FF FF FF FF 66 2A 8D A6 00 00 00 00 00 00 00,07 0A A0,0,1,1,1,0,0,0,1,0
14,3,0.0105369993744375,0.0110501993449197,02D,0,1,E,5C D8 46 04 C4 09 00 90 70 97 58 62 46 52 75 2B 88 E0 30 FF FF FF 7F 40 02 D2 35 FF FF FF FF 00 FE FF 6B 0A 33 84 00 00 00 00 00 00 00 00 00 00,1C 80 8A,0,1,1,1,6,0,0,1,0
14,4,0.0110563993436017,0.0113535993269074,227,0,1,C,41 00 05 08 01 3D 37 F0 EF BE 2F D9 41 00 00 08 02 34 39 37 69 EB 54 2A,05 16 37,0,1,1,1,7,1,0,1,0
14,5,0.0130074992277684,0.0133786992067996,219,0,1,D,39 0E 01 0F C4 35 FF FF FF FF FF FF FF DF D3 08 BC FD FF 39 0E 03 08 9E CB 69 F8 FF FF FF FF 00,1B 04 04,0,1,1,1,1,1,0,1,0
14,6,0.0177607989455737,0.0184108989080471,219,0,1,F,39 0E 00 20 91 2B 5A 20 68 81 83 1A 3F 26 80 95 68 4D C1 16 B3 28 1D 5C 05 03 00 F1 FF FF FF FF 68 B2 13 C3 39 0F 00 15 62 E8 5A 20 FF FF 7F CF FF FF 3F FF FF FF FF FF FF 68 3C 3E 17 00 00 00,02 BA F5,0,1,1,1,0,0,0,1,0
14,7,0.0184168989066222,0.0187960988850597,220,0,1,D,39 10 00 16 FC 68 3E 0E 9A 01 00 23 98 35 2C 00 00 00 00 00 FF FF 67 55 57 12 00 00 00 00 00 00,1E E2 18,0,1,1,1,0,0,0,1,0
14,8,0.0275938983618005,0.0279590983410691,219,0,1,D,39 0E 04 10 5C E3 0B 4C 24 B4 DB FF 3F AE 6C 79 EB FF FF FF 39 0F 01 06 4D 85 04 60 B4 19 00 00,04 17 F6,0,1,1,1,3,1,0,1,0
14,9,0.0283530983167282,0.0290392982770583,18E19490,0,1,F,00 00 00 01 55 55 55 55 05 68 06 D8 03 00 00 EF 01 67 01 3B 02 8D 00 00 85 01 90 01 00 00 EF 08 E7 08 00 00 55 54 51 10 01 10 01 C6 01 93 01 71 01 4E 01 55 55 51 3F 03 13 11 00 15 05 15 00 00,19 86 63,0,1,1,1,5,1,1,1,0
14,10,0.0303434981985617,0.0307155981774207,217,0,1,D,39 13 00 15 8D 42 3E 09 A0 69 4D D2 0F 12 38 F0 FF FF FF FF FF 69 82 D2 0C 00 00 00 00 00 00 00,1C 2D 48,1,1,1,0,4,0,0,1,0
14,11,0.03072369817599,0.0312358981465315,02D,0,1,E,43 D1 47 04 C4 09 00 90 70 97 58 62 46 52 75 2B 88 E0 30 FF FF FF 7F 40 02 D2 35 FF FF FF FF 00 FE FF 6D 1A D1 8D 00 00 00 00 00 00 00 00 00 00,0C FB AA,0,1,1,1,5,1,0,1,0
14,12,0.0329738980423997,0.0334869980130065,219,0,1,E,39 0E 00 20 4E 89 5B 20 68 81 83 1A 3F 27 80 55 68 4D C1 16 B3 28 1D 5C 05 03 00 F1 FF FF FF FF 6A AB B2 F9 00 00 00 00 00 00 00 00 00 00 00 00,1C CD 5F,0,1,1,1,7,1,0,1,0
14,13,0.0347589979364216,0.0348691979309478,068,0,0,1,04,37 77,0,1,1,1,,,0,,
14,14,0.0356613978828477,0.0358535978723871,227,0,1,9,41 00 00 08 03 80 29 C7 BF 71 00 00,0 BA 21,0,1,1,1,3,1,0,1,0
14,15,0.0376934977622057,0.0380746977406431,219,0,1,D,39 0F 00 15 80 F8 5B 20 FF FF 7F CF FF FF 3F FF FF FF FF FF FF 6A 7A 1B B4 00 00 00 00 00 00 00,17 83 A5,0,1,1,1,3,1,0,1,0
14,16,0.038298697726276,0.038675897704951,220,0,1,D,39 10 00 16 D8 C0 3F 0E 9A 01 00 23 98 35 2C 00 00 00 00 00 FF FF 69 CA BC 52 00 00 00 00 00 00,16 BD FF,0,1,1,1,6,0,0,1,0
13,1,0.00194999988423206,0.00218309987146196,212,0,1,A,39 0C 14 0C FF FF FF FF FD FF FF FF FF FF FF FF,0 2F B8,0,1,1,1,4,0,0,1,0
13,2,0.00218929987002525,0.00234649986164246,227,0,1,8,3A 02 00 04 F4 FF FF FF,0 5B 4C,0,1,1,1,0,0,0,1,0
13,3,0.0116051993110204,0.0121133992817994,217,0,1,E,39 13 01 0B 58 BA 88 55 95 00 FE 03 BA FF EF 39 13 00 15 C1 2E 22 09 A0 69 CD D3 0F 12 38 F0 FF FF FF FF FF 30 7D F3 AE 00 00 00 00 00 00 00 00,12 74 A2,0,1,1,1,2,0,0,1,0
13,4,0.0121193992804933,0.0126325992509755,02D,0,1,E,8E CA 2B 04 C4 09 00 90 70 97 58 62 46 52 75 2B 98 E0 30 FF FF FF 7F 40 02 D2 35 FF FF FF FF 00 FE FF 35 A5 BB 41 00 00 00 00 00 00 00 00 00 00,12 51 C2,0,1,1,1,6,0,0,1,0
13,5,0.0126387992496575,0.0127929992414528,212,0,1,8,39 04 06 04 0B 8D 71 84,0 D8 CB,0,1,1,1,5,1,0,1,0
13,6,0.0144668991411265,0.0149820991116087,219,0,1,E,39 0E 00 20 41 9F 3F 20 68 81 83 1A 3F 27 80 95 68 4D C1 16 B3 28 1D 5C 06 03 00 F1 FF FF FF FF 31 B1 8C 72 00 00 00 00 00 00 00 00 00 00 00 00,07 C0 2C,0,1,1,1,1,1,0,1,0
13,7,0.019176198861544,0.0195563988399221,219,0,1,D,39 0F 00 15 0E FF 3F 20 FF FF 7F CF FF FF 3F FF FF FF FF FF FF 31 26 55 64 00 00 00 00 00 00 00,1D 50 10,0,1,1,1,2,0,0,1,0
13,8,0.019562398838616,0.0199394988172969,220,0,1,D,39 10 00 16 85 72 23 0E 9A 01 00 23 98 35 2C 00 00 00 00 00 FF FF 30 F0 02 BD 00 00 00 00 00 00,14 09 15,0,1,1,1,6,0,0,1,0
13,9,0.0218815987009293,0.0220706986907714,227,0,1,9,39 06 0B 08 00 11 11 18 00 00 D0 FF,1 D9 7D,0,1,1,1,0,0,0,1,0
13,10,0.0296008982426486,0.0302979982023316,18E19490,0,1,F,02 84 00 64 64 64 01 00 05 27 56 02 03 00 00 00 00 00 00 00 0F 01 13 01 C1 04 C1 04 BE 04 02 00 FD FF 00 00 4D 14 C5 05 76 05 7F 13 00 00 03 02 7A 08 80 0C 76 0F ED 0B 13 11 00 15 05 15 00 00,1E 93 BD,0,1,1,1,0,0,1,1,0
13,11,0.0316001981239538,0.0319683981030443,217,0,1,D,39 13 00 15 53 D1 23 09 A0 69 0D D3 0F 12 38 F0 FF FF FF FF FF 32 DC 4A 66 00 00 00 00 00 00 00,15 E4 3B,0,1,1,1,6,0,0,1,0
13,12,0.0319744981017323,0.0324875980723391,02D,0,1,E,D3 F5 2C 04 C4 09 00 90 70 97 58 62 46 52 75 2B 98 E0 30 FF FF FF 7F 40 02 D2 35 FF FF FF FF 00 FE FF 37 51 17 5D 00 00 00 00 00 00 00 00 00 00,13 12 6D,0,1,1,1,6,0,0,1,0
13,13,0.0324937980709024,0.0327959980539112,212,0,1,C,39 FE 1D 08 59 40 B2 08 40 02 00 00 39 04 0C 05 0E 0F F4 FF FF 00 00 00,06 E0 FB,0,1,1,1,4,0,0,1,0
13,14,0.0328021980525932,0.0334612980145323,227,0,1,F,41 00 05 08 00 80 03 43 D0 03 36 E9 39 04 22 08 00 3D 87 7E 78 1F FA FF 39 80 00 0C 00 7F A0 8F 1A 30 B0 FE 39 01 7A 0D 05 00 00 0C F5 FC FF 00 00 00 00 00 39 65 03 98 00 00 00 00 00 00 00 00,19 95 7F,0,1,1,1,1,1,0,1,0
13,15,0.0344912979523144,0.035005497922856,219,0,1,E,39 0E 00 20 03 5B 40 20 68 81 83 1A 3F 27 80 95 68 4D C1 16 B3 28 1D 5C 06 03 00 F1 FF FF FF FF 33 9A EB AD 00 00 00 00 00 00 00 00 00 00 00 00,15 50 01,0,1,1,1,0,0,0,1,0
13,16,0.0392155976718414,0.0395966976502848,219,0,1,D,39 0F 00 15 B7 50 40 20 FF FF 7F CF FF FF 3F FF FF FF FF FF FF 33 22 B7 60 00 00 00 00 00 00 00,18 9D 8D,0,1,1,1,3,1,0,1,0
13,17,0.0396626976452978,0.0401728976160768,220,0,1,E,39 10 01 10 55 43 40 30 55 10 69 06 E8 9C 12 20 95 C0 FF F1 39 10 00 16 1A 1A 24 0E 9A 01 00 23 98 35 2C 00 00 00 00 00 FF FF 32 35 B5 AC 00 00,0E 92 13,0,1,1,1,3,1,0,1,0
12,1,0.00804839952218117,0.00842249950104017,217,0,1,D,39 13 00 15 A6 96 0A 09 A0 69 CD D2 0F 12 38 F0 FF FF FF FF FF 00 3A F5 E5 00 00 00 00 00 00 00,19 21 F3,0,1,1,1,4,0,0,1,0
12,2,0.00856459949153532,0.00907979946189873,02D,0,1,E,47 20 13 04 C4 09 00 90 70 97 58 62 46 52 75 2B 98 E0 30 FF FF FF 7F 40 02 D2 35 FF FF FF FF 00 FE FF 05 58 51 26 00 00 00 00 00 00 00 00 00 00,14 E5 09,0,1,1,1,0,0,0,1,0
12,3,0.00908599946058075,0.00960329943070075,227,0,1,E,41 00 05 08 00 80 03 43 D0 03 04 66 39 04 22 08 00 3D 86 7E 78 0F FA FF 41 00 00 08 01 42 31 50 52 31 31 38 00 00 00 00 00 00 00 00 00 00 00 00,16 17 88,0,1,1,1,5,1,0,1,0
12,4,0.0110830993420166,0.0115911993129202,219,0,1,E,39 FE 0B 08 61 00 00 00 01 00 00 00 39 0E 00 20 C2 C2 27 20 68 81 83 1A 3F 27 80 95 68 4D C1 16 B3 28 1D 5C 06 03 00 F1 FF FF FF FF 01 5C FD EF,00 EB E5,0,1,1,1,2,0,0,1,0
12,5,0.0136472991897847,0.0141703991597978,212,0,1,E,39 04 0C 05 0E 0F F4 FF FF 39 15 01 14 44 F9 91 E1 F8 5F F5 FF FF FF FF FE 07 00 A1 28 75 FE FF FF 00 00 00 00 00 00 00 00 00 00 00 00 00 00 00,02 B4 4B,0,1,1,1,1,1,0,1,0
12,6,0.0157643990640963,0.0161445990424744,219,0,1,D,39 0F 00 15 1F 66 27 20 FF FF 7F CF FF FF 3F FF FF FF FF FF FF 01 58 67 90 00 00 00 00 00 00 00,1A 0C 68,0,1,1,1,2,0,0,1,0
12,7,0.016208599037725,0.0167187990083852,220,0,1,E,39 10 01 10 55 43 40 38 55 10 41 46 E9 9C 12 20 95 C0 FF F1 39 10 00 16 14 25 0B 0E 9A 01 00 23 98 35 2C 00 00 00 00 00 FF FF 00 3A 4A E2 00 00,10 0F 77,0,1,1,1,3,1,0,1,0
12,8,0.0257825984693341,0.0262877984402911,219,0,1,E,39 0E 02 2A 3E 00 47 00 65 0A 00 82 1C C8 01 00 47 40 3E 49 E0 D1 6C C2 4D 85 E3 8D 90 82 F8 47 CE 43 06 88 67 E9 FF FF FF FF 02 7C 4B EE 00 00,0D F9 74,0,1,1,1,7,1,0,1,0
12,9,0.026293798438985,0.0269889983986622,18E19490,0,1,F,01 E5 01 66 0D 7C 01 80 0C F1 00 BC 02 06 06 20 03 00 00 40 1F 01 47 01 AC 0D E9 06 01 20 03 48 0E 01 FB 06 84 0C 00 00 01 01 00 00 E4 37 D0 07 AC 0D 40 1F 0C 2F 04 57 13 11 00 15 05 15 00 00,02 A0 6A,0,1,1,1,6,0,1,1,0
12,10,0.0284151983130414,0.0287872982920191,217,0,1,D,39 13 00 15 41 6A 0B 09 A0 69 0D D3 0F 12 38 F0 FF FF FF FF FF 02 41 8B 9E 00 00 00 00 00 00 00,0A 51 AA,0,1,1,1,2,0,0,1,0
12,11,0.0287933982905884,0.0293084982610764,02D,0,1,E,1A 1F 14 04 C4 09 00 90 70 97 58 62 46 52 75 2B 98 E0 30 FF FF FF 7F 40 02 D2 35 FF FF FF FF 00 FE FF 07 B6 D5 E5 00 00 00 00 00 00 00 00 00 00,18 B1 3F,0,1,1,1,0,0,0,1,0
12,12,0.0293146982596397,0.0296108982430048,227,0,1,C,41 00 05 08 01 9A C5 4D 01 A3 01 2B 41 00 00 08 02 34 39 37 05 76 2F 46,12 68 72,0,1,1,1,6,0,0,1,0
12,13,0.0310788981549024,0.0314509981338801,219,0,1,D,39 0E 01 0F D8 35 FF FF FF FF FF FF FF DF D3 08 BC FD FF 39 0E 03 08 4D 8C 68 F8 FF FF FF FF 00,01 A3 A4,0,1,1,1,2,0,0,1,0
12,14,0.0358310978727729,0.0364822978350623,219,0,1,F,39 0E 00 20 AF 09 28 20 68 81 83 1A 3F 27 80 95 68 4D C1 16 B3 28 1D 5C 06 03 00 F1 FF FF FF FF 03 48 3B 74 39 0F 00 15 A1 93 28 20 FF FF 7F CF FF FF 3F FF FF FF FF FF FF 04 2E 6C B3 00 00 00,08 9B B2,0,1,1,1,1,1,0,1,0
12,15,0.0364882978337562,0.036866497812253,220,0,1,D,39 10 00 16 8B 4D 0C 0E 9A 01 00 23 98 35 2C 00 00 00 00 00 FF FF 02 40 7B 65 00 00 00 00 00 00,11 02 42,0,1,1,1,7,1,0,1,0
12,16,0.0456643972889879,0.0460294972683812,219,0,1,D,39 0E 04 10 5C E3 0B 4C 24 B4 DB FF 3F AE 6C 79 EB FF FF FF 39 0F 01 06 4D 85 04 60 98 19 00 00,0A C7 31,0,1,1,1,3,1,0,1,0
12,17,0.0484277971249298,0.0487998971039076,217,0,1,D,39 13 00 15 EF 18 0C 09 A0 69 0D D3 0F 12 38 F0 FF FF FF FF FF 05 FF 48 96 00 00 00 00 00 00 00,0D 96 89,0,1,1,1,2,0,0,1,0
12,18,0.0488059971024768,0.049319197072959,02D,0,1,E,05 16 15 04 C4 09 00 90 70 97 58 62 46 52 75 2B 98 E0 30 FF FF FF 7F 40 02 D2 35 FF FF FF FF 00 FE FF 09 5C B8 47 00 00 00 00 00 00 00 00 00 00,1A D0 EB,0,1,1,1,6,0,0,1,0
11,1,0.00278359983474274,0.00316579981300212,219,0,1,D,39 0F 00 15 2B EC 0C 20 FF FF 7F CF FF FF 3F FF FF FF FF FF FF CB EC 8D 2E 00 00 00 00 00 00 00,07 03 DB,0,1,1,1,4,0,0,1,0
11,2,0.00317179981169602,0.00354999979019286,220,0,1,D,39 10 00 16 9B 3D F0 0E 9A 01 00 23 98 35 2C 00 00 00 00 00 FF FF CA C8 2A E3 00 00 00 00 00 00,1F D9 52,0,1,1,1,7,1,0,1,0
11,3,0.00557199966920052,0.00580519965630576,212,0,1,A,39 0C 14 0C FF FF FF FF FD FF FF FF FF FF FF FF,0 2F B8,0,1,1,1,4,0,0,1,0
11,4,0.00581139965498778,0.00596849964672967,227,0,1,8,3A 02 00 04 F4 FF FF FF,0 5B 4C,0,1,1,1,0,0,0,1,0
11,5,0.0130706992240164,0.0137657991838182,18E19490,0,1,F,03 69 06 BD 16 61 D2 0E 0E 0F 0E 1D 00 F4 00 F0 00 00 00 02 01 02 01 00 00 EF 01 EF 01 00 00 00 00 04 02 01 10 00 AC 0D 0E 0E 0C 0E 1E 00 94 D9 05 64 16 D7 0C 84 1C 00 13 11 00 15 05 15 00 00,12 24 A5,0,1,1,1,6,0,1,1,0
11,6,0.0151159991025906,0.015625199073429,217,0,1,E,39 13 01 0B 58 BA 88 55 95 00 FE 03 BA FF EF 39 13 00 15 E8 8B F0 0A A0 69 8D CE 0F 12 40 F0 FF FF FF FF FF CC 48 3A E7 00 00 00 00 00 00 00 00,02 B1 53,0,1,1,1,3,1,0,1,0
11,7,0.0156312990719982,0.0161483990423676,02D,0,1,E,C6 E1 F9 04 C4 09 00 90 70 97 58 62 46 52 75 2B 98 E0 30 FF FF FF 7F 40 02 D2 35 FF FF FF FF 00 FE FF D1 94 9A 0F 00 00 00 00 00 00 00 00 00 00,03 6C 35,0,1,1,1,2,0,0,1,0
11,8,0.0161545990409309,0.0163077990327855,212,0,1,8,39 04 06 04 35 B1 67 84,1 F4 2E,0,1,1,1,4,0,0,1,0
11,9,0.0180337989293662,0.018546898899973,219,0,1,E,39 0E 00 20 24 EB 0D 20 68 81 83 1A 3F 26 80 55 68 4D C1 16 B3 28 1D 5C 06 03 00 F1 FF FF FF FF CD E9 AD A3 00 00 00 00 00 00 00 00 00 00 00 00,1F 43 87,0,1,1,1,7,1,0,1,0
11,10,0.0227450986496649,0.0231271986280489,219,0,1,D,39 0F 00 15 C9 FC 0D 20 FF FF 7F CF FF FF 3F FF FF FF FF FF FF CD 8E 2F B9 00 00 00 00 00 00 00,1F F3 0D,0,1,1,1,4,0,0,1,0
11,11,0.0231331986266241,0.0235103986051803,220,0,1,D,39 10 00 16 BF 95 F1 0E 9A 01 00 23 98 35 2C 00 00 00 00 00 FF FF CC 88 86 79 00 00 00 00 00 00,16 C5 E5,0,1,1,1,6,0,0,1,0
11,12,0.0254363984898873,0.0256255984796047,227,0,1,9,39 06 0B 08 00 11 11 18 00 00 D0 FF,1 D9 7D,0,1,1,1,0,0,0,1,0
11,13,0.0349942979224522,0.0353674979012459,217,0,1,D,39 13 00 15 7A 74 F1 0A A0 69 4D CE 0F 12 40 F0 FF FF FF FF FF CE 44 1E 64 00 00 00 00 00 00 00,17 B1 E2,0,1,1,1,3,1,0,1,0
11,14,0.0355094978918657,0.0360256978621698,02D,0,1,E,ED D9 FA 04 C4 09 00 90 70 97 58 62 46 52 75 2B 88 E0 30 FF FF FF 7F 40 02 D2 35 FF FF FF FF 00 FE FF D3 CF 95 4E 00 00 00 00 00 00 00 00 00 00,1D 31 8E,0,1,1,1,1,1,0,1,0
11,15,0.0360318978608518,0.0363340978438607,212,0,1,C,39 FE 1D 08 59 40 B2 08 40 02 00 00 39 04 0C 05 0E 0F F4 FF FF 00 00 00,06 E0 FB,0,1,1,1,4,0,0,1,0
11,16,0.0363402978425427,0.0369963978046599,227,0,1,F,41 00 05 08 00 80 03 43 D0 02 D2 53 39 04 22 08 00 3D 87 7E 78 1F FA FF 39 80 00 0C 00 7F A0 8F 1A 30 B0 FE D5 D6 D7 42 05 00 00 0C F5 FC FF 00 00 00 00 00 D5 75 78 DF 00 00 00 00 00 00 00 00,17 D2 10,0,1,1,1,6,0,0,1,0
11,17,0.0380603977404235,0.0385745977108463,219,0,1,E,39 0E 00 20 57 37 0E 20 68 81 83 1A 3F 26 80 55 68 4D C1 16 B3 28 1D 5C 05 03 00 F1 FF FF FF FF CF 00 A5 88 00 00 00 00 00 00 00 00 00 00 00 00,0B 7D CE,0,1,1,1,0,0,0,1,0
11,18,0.0427326974630375,0.0431138974413563,219,0,1,D,39 0F 00 15 EF CD 0E 20 FF FF 7F CF FF FF 3F FF FF FF FF FF FF CF 70 23 DB 00 00 00 00 00 00 00,14 A1 4E,0,1,1,1,3,1,0,1,0
11,19,0.0431198974400502,0.0436310974106511,220,0,1,E,39 10 01 10 55 43 40 39 55 10 19 16 E9 9C 12 20 95 C0 FF F5 39 10 00 16 F2 7D F2 0E 9A 01 00 23 98 35 2C 00 00 00 00 00 FF FF CE 87 18 36 00 00,03 79 81,0,1,1,1,4,0,0,1,0
11,20,0.043637197409339,0.0443513973680069,18E19490,0,1,F,04 5A 01 55 01 0F 00 48 30 EA 0C 6D 0D 22 01 7D 01 08 03 01 01 01 01 01 00 00 00 00 00 00 00 00 00 00 00 00 00 00 00 00 00 00 00 00 00 00 00 00 00 00 00 00 00 00 00 00 13 11 00 15 05 15 00 00,1D 7F BD,0,1,1,1,1,1,1,1,0
10,1,0.00124879992586102,0.00193599988613184,18E19490,0,1,F,03 68 06 B9 16 6A D2 10 0E 11 0E 1D 00 ED 00 F5 00 00 00 02 01 02 01 00 00 EF 01 EF 01 00 00 00 00 04 02 01 10 00 AC 0D 0E 0E 0E 0E 1D 00 94 D9 05 69 16 D1 0C 84 1C 00 13 11 00 15 05 15 00 00,12 52 A7,0,1,1,1,6,0,1,1,0
10,2,0.00326019980644787,0.00376739977728622,217,0,1,E,39 13 01 0B 58 BA 88 55 95 00 FE 03 BA FF EF 39 13 00 15 5E 79 D2 0A A0 69 4D CE 0F 12 40 F0 FF FF FF FF FF 91 2D 5D 35 00 00 00 00 00 00 00 00,07 F6 D6,0,1,1,1,1,1,0,1,0
10,3,0.00377339977598012,0.00428859974634353,02D,0,1,E,33 E3 DB 04 C4 09 00 90 70 97 58 62 46 52 75 2B 88 E0 30 FF FF FF 7F 40 02 D2 35 FF FF FF FF 00 FE FF 94 19 48 88 00 00 00 00 00 00 00 00 00 00,13 AE 9E,0,1,1,1,0,0,0,1,0
10,4,0.00429479974502556,0.00444789973700492,212,0,1,8,39 04 06 04 AC 96 61 84,0 F7 19,0,1,1,1,4,0,0,1,0
10,5,0.00622589963037967,0.00674009960080245,219,0,1,E,39 0E 00 20 EF EF EF 20 68 81 83 1A 3F 26 80 95 68 4D C1 16 B3 28 1D 5C 06 03 00 F1 FF FF FF FF 91 51 3B 0F 00 00 00 00 00 00 00 00 00 00 00 00,0D 31 CF,0,1,1,1,0,0,0,1,0
10,6,0.0109341993508565,0.0113143993292346,219,0,1,D,39 0F 00 15 03 69 EF 20 FF FF 7F CF FF FF 3F FF FF FF FF FF FF 91 0D A5 8F 00 00 00 00 00 00 00,12 6F 1E,0,1,1,1,2,0,0,1,0
10,7,0.0113203993279285,0.0116954993067281,220,0,1,D,39 10 00 16 C2 93 D3 0E 9A 01 00 23 98 35 2C 00 00 00 00 00 FF FF 91 76 6F 4E 00 00 00 00 00 00,1B 8E 69,0,1,1,1,4,0,0,1,0
10,8,0.0117014993053033,0.0124056992644461,540,0,1,F,22 00 00 00 00 00 00 00 00 00 00 00 00 00 00 00 00 00 00 00 00 00 00 00 00 00 00 00 00 00 00 00 00 00 00 00 00 00 00 00 00 00 00 00 00 00 00 00 00 00 00 00 00 00 00 00 00 00 00 00 00 00 00 00,07 AA FF,0,1,1,1,5,1,0,1,0
10,9,0.0136236991911858,0.0138128991809032,227,0,1,9,39 06 0B 08 00 11 11 18 00 00 D0 FF,1 D9 7D,0,1,1,1,0,0,0,1,0
10,10,0.0211629987435913,0.0214471987277875,14420194,0,0,8,40 02 00 00 00 00 00 00,78 E0,0,1,1,1,,,1,,
10,11,0.0231374986263688,0.0235085986054059,217,0,1,D,39 13 00 15 BC 69 D3 0A A0 69 4D CE 0F 12 40 F0 FF FF FF FF FF 93 99 92 BC 00 00 00 00 00 00 00,0A E4 76,0,1,1,1,1,1,0,1,0
10,12,0.0237046985926952,0.024351898555222,227,0,1,F,41 00 05 08 00 80 03 43 D0 02 95 07 39 04 22 08 00 3D 87 7E 78 0F FA FF 39 80 00 0C 00 FF 81 8F 1A 30 B0 FE 99 72 CD AF 32 04 00 0C CE 3C 5F 53 67 07 00 F0 96 B2 8F 6F 00 00 00 00 00 00 00 00,1F FB C7,0,1,1,1,5,1,0,1,0
10,13,0.024358098553904,0.0248751985242734,02D,0,1,E,64 FF DC 04 C4 09 00 90 70 97 58 62 46 52 75 2B 98 E0 30 FF FF FF 7F 40 02 D2 35 FF FF FF FF 00 FE FF 96 62 FE 5F 00 00 00 00 00 00 00 00 00 00,08 92 0C,0,1,1,1,2,0,0,1,0
10,14,0.0262531984413954,0.0267673984119369,219,0,1,E,39 0E 00 20 3D 1E F0 20 68 81 83 1A 3F 26 80 55 68 4D C1 16 B3 28 1D 5C 06 03 00 F1 FF FF FF FF 93 04 53 D1 00 00 00 00 00 00 00 00 00 00 00 00,1F F8 21,0,1,1,1,0,0,0,1,0
10,15,0.0288053982898759,0.0289985982793559,212,0,1,9,39 04 0C 05 0E 0F F4 FF FF 00 00 00,1 37 80,0,1,1,1,4,0,0,1,0
10,16,0.0290047982780379,0.0292338982655053,227,0,1,A,05 00 00 0C F5 FC FF 00 00 00 00 00 99 93 F7 5C,1 4E 5D,0,1,1,1,0,0,0,1,0
10,17,0.0309318981636295,0.0313130981419483,219,0,1,D,39 0F 00 15 BC 82 F0 20 FF FF 7F CF FF FF 3F FF FF FF FF FF FF 93 73 3C E7 00 00 00 00 00 00 00,03 D7 9E,0,1,1,1,3,1,0,1,0
10,18,0.0313190981406422,0.0318292981113024,220,0,1,E,39 10 01 10 55 43 40 00 55 10 E9 46 E9 9C 12 20 95 C0 FF F5 39 10 00 16 5D FB D4 0E 9A 01 00 23 98 35 2C 00 00 00 00 00 FF FF 93 8E 9A 6E 00 00,11 33 8C,0,1,1,1,3,1,0,1,0
10,19,0.0318354981099844,0.0325495980686583,18E19490,0,1,F,04 55 01 53 01 0F 00 3E 30 EB 0C 6D 0D 22 01 7D 01 08 03 01 01 01 01 01 00 00 00 00 00 00 00 00 00 00 00 00 00 00 00 00 00 00 00 00 00 00 00 00 00 00 00 00 00 00 00 00 13 11 00 15 05 15 00 00,06 86 01,0,1,1,1,1,1,1,1,0
10,20,0.0409034975716338,0.0416076975307766,540,0,1,F,23 00 00 00 00 00 00 00 00 00 00 00 00 00 00 00 00 00 00 00 00 00 00 00 00 00 00 00 00 00 00 00 00 00 00 00 00 00 00 00 00 00 00 00 00 00 00 00 00 00 00 00 00 00 00 00 00 00 00 00 00 00 00 00,11 12 63,0,1,1,1,5,1,0,1,0
10,21,0.0431758974367256,0.0435480974155786,217,0,1,D,39 13 00 15 8D 1E D4 0A A0 69 4D CD 0F 12 40 F0 FF FF FF FF FF 95 41 18 16 00 00 00 00 00 00 00,0A 1D BD,0,1,1,1,2,0,0,1,0
10,22,0.0437061974052426,0.0442192973758495,02D,0,1,E,71 D5 DD 04 C4 09 00 90 70 97 58 62 46 52 75 2B 88 E0 30 FF FF FF 7F 40 02 D2 35 FF FF FF FF 00 FE FF 99 D2 D2 C1 00 00 00 00 00 00 00 00 00 00,07 DF 3E,0,1,1,1,6,0,0,1,0
10,23,0.0442254973744127,0.0444126973642489,227,0,1,9,41 00 05 08 01 0D E5 C2 A9 7D B1 E7,1 36 98,0,1,1,1,6,0,0,1,0
10,24,0.046240697254774,0.0468947972170099,219,0,1,F,39 0E 01 0F CC 35 FF FF FF FF FF FF FF DF D3 08 BC FD FF 39 0E 00 20 DB D8 F1 20 68 81 83 1A 3F 26 80 95 68 4D C1 16 B3 28 1D 5C 05 03 00 F1 FF FF FF FF 95 DF 9F 83 00 00 00 00 00 00 00 00 00,0D 73 CF,0,1,1,1,4,0,0,1,0
9,1,0.0081585995156388,0.00853069949461653,217,0,1,D,39 13 00 15 EB 32 BC 0A A0 69 8D CD 0F 12 40 F0 FF FF FF FF FF 64 07 EB 47 00 00 00 00 00 00 00,0A AE AE,0,1,1,1,2,0,0,1,0
9,2,0.00853679949318575,0.0090508994637332,02D,0,1,E,73 2F C5 04 C4 09 00 90 70 97 58 62 46 52 75 2B 98 E0 30 FF FF FF 7F 40 02 D2 35 FF FF FF FF 00 FE FF 69 0B 0A AC 00 00 00 00 00 00 00 00 00 00,00 9D 99,0,1,1,1,7,1,0,1,0
9,3,0.0110048993466592,0.0115089993178003,219,0,1,E,39 0F 01 06 4D 85 04 60 B4 19 39 0E 00 20 91 8F D9 20 68 81 83 1A 3F 26 80 95 68 4D C1 16 B3 28 1D 5C 06 03 00 F1 FF FF FF FF 65 2C 10 1C 00 00,04 F3 A9,0,1,1,1,6,0,0,1,0
9,4,0.012755099242753,0.0128652992372792,068,0,0,1,04,37 77,0,1,1,1,,,0,,
9,5,0.0157051990676109,0.0160833990461078,219,0,1,D,39 0F 00 15 4C 29 D9 20 FF FF 7F CF FF FF 3F FF FF FF FF FF FF 65 65 AF 0E 00 00 00 00 00 00 00,09 80 1E,0,1,1,1,0,0,0,1,0
9,6,0.0160893990448017,0.0164684990233638,220,0,1,D,39 10 00 16 C0 88 BD 0E 9A 01 00 23 98 35 2C 00 00 00 00 00 FF FF 64 17 C7 81 00 00 00 00 00 00,14 57 36,0,1,1,1,0,0,0,1,0
9,7,0.0259667984583984,0.0266809984170663,18E19490,0,1,F,04 55 01 55 01 0F 00 48 30 EE 0C 6D 0D 22 01 7D 01 08 03 01 01 01 01 01 00 00 00 00 00 00 00 00 00 00 00 00 00 00 00 00 00 00 00 00 00 00 00 00 00 00 00 00 00 00 00 00 13 11 00 15 05 15 00 00,0B 48 C2,0,1,1,1,1,1,1,1,0
9,8,0.028480998309135,0.0289923982796052,02D,0,1,E,52 34 C6 04 C4 09 00 90 70 97 58 62 46 52 75 2B 98 E0 30 FF FF FF 7F 40 02 D2 35 FF FF FF FF 00 FE FF 6B B7 3C 17 00 00 00 00 00 00 00 00 00 00,18 2B 04,0,1,1,1,6,0,0,1,0
9,9,0.0290003982782991,0.029369498257455,217,0,1,D,39 13 00 15 5D 65 BD 0B A0 69 4D CD 0F 12 40 F0 FF FF FF FF FF 66 D3 29 70 00 00 00 00 00 00 00,09 95 2F,0,1,1,1,7,1,0,1,0
9,10,0.0293755982560242,0.0295316982478254,227,0,1,8,00 80 00 04 8C 9E 17 00,1 25 E7,0,1,1,1,7,1,0,1,0
9,11,0.0310336981575858,0.031546898128068,219,0,1,E,39 0E 00 20 E2 53 DA 20 68 81 83 1A 3F 26 80 95 68 4D C1 16 B3 28 1D 5C 05 03 00 F1 FF FF FF FF 67 CA 24 5B 00 00 00 00 00 00 00 00 00 00 00 00,0C F7 5F,0,1,1,1,7,1,0,1,0
9,12,0.0357069978801405,0.0360860978587027,219,0,1,D,39 0F 00 15 6A 18 DA 20 FF FF 7F CF FF FF 3F FF FF FF FF FF FF 67 5B F0 D2 00 00 00 00 00 00 00,0A 95 71,0,1,1,1,1,1,0,1,0
9,13,0.0360920978572778,0.0364702978358935,220,0,1,D,39 10 00 16 8D 60 BE 0E 9A 01 00 23 98 35 2C 00 00 00 00 00 FF FF 66 66 75 86 00 00 00 00 00 00,11 50 27,0,1,1,1,7,1,0,1,0
9,14,0.0384803977154888,0.0387134977026,212,0,1,A,39 0C 14 0C FF FF FF FF FD FF FF FF FF FF FF FF,0 2F B8,0,1,1,1,4,0,0,1,0
9,15,0.038719697701282,0.0388768976928993,227,0,1,8,3A 02 00 04 F4 FF FF FF,0 5B 4C,0,1,1,1,0,0,0,1,0
9,16,0.047989597150945,0.0484987971216646,217,0,1,E,39 13 01 0B 58 BA 88 55 95 00 FE 03 BA FF EF 39 13 00 15 DB E1 BE 0B A0 69 CD CD 0F 12 40 F0 FF FF FF FF FF 68 2B 61 1E 00 00 00 00 00 00 00 00,0D A4 13,0,1,1,1,3,1,0,1,0
9,17,0.0485047971203585,0.0490151970908881,02D,0,1,E,4D 3D C7 04 C4 09 00 90 70 97 58 62 46 52 75 2B 98 E0 30 FF FF FF 7F 40 02 D2 35 FF FF FF FF 00 FE FF 6D AE 2F 5B 00 00 00 00 00 00 00 00 00 00,0B 8E 17,0,1,1,1,5,1,0,1,0
9,18,0.049023197089582,0.049177297081502,212,0,1,8,39 04 06 04 77 F5 5D 84,0 A8 8F,0,1,1,1,5,1,0,1,0
8,1,0.000866099948581223,0.00123629992755302,217,0,1,D,39 13 00 15 E9 0E 9C 0A A0 69 8D CD 0F 12 40 F0 FF FF FF FF FF 25 9D 34 50 00 00 00 00 00 00 00,1E 94 9D,0,1,1,1,0,0,0,1,0
8,2,0.00124239992624098,0.00175469989665782,02D,0,1,E,3A 58 A5 04 C4 09 00 90 70 97 58 62 46 52 75 2B 88 E0 30 FF FF FF 7F 40 02 D2 35 FF FF FF FF 00 FE FF 29 20 B1 01 00 00 00 00 00 00 00 00 00 00,0F 05 69,0,1,1,1,7,1,0,1,0
8,3,0.00176269989535172,0.00206389987841991,227,0,1,C,41 00 05 08 00 80 03 43 D0 02 28 00 39 04 22 08 00 3D 86 7E 78 0F FA FF,18 13 8E,0,1,1,1,3,1,0,1,0
8,4,0.00369979978034962,0.00421399975089114,219,0,1,E,39 0E 00 20 01 BA B9 20 68 81 83 1A 3F 26 80 55 68 4D C1 16 B3 28 1D 5C 06 03 00 F1 FF FF FF FF 26 F7 E5 9C 00 00 00 00 00 00 00 00 00 00 00 00,1D D0 CC,0,1,1,1,0,0,0,1,0
8,5,0.00627209962763686,0.00679519959765,212,0,1,E,39 04 0C 05 0E 0F F4 FF FF 39 15 01 14 44 F9 91 E5 F8 5F F5 FF FF FF FF FE 07 00 A1 28 75 FE FF FF 00 00 00 00 00 00 00 00 00 00 00 00 00 00 00,02 88 75,0,1,1,1,1,1,0,1,0
8,6,0.00840319950111734,0.00878129947973886,219,0,1,D,39 0F 00 15 4A 6D B9 20 FF FF 7F CF FF FF 3F FF FF FF FF FF FF 26 35 6C CA 00 00 00 00 00 00 00,0C 68 96,0,1,1,1,0,0,0,1,0
8,7,0.00878729947831403,0.00929649944915238,220,0,1,E,39 10 01 10 55 43 40 00 55 10 91 06 E8 9C 11 20 95 C0 FF F5 39 10 00 16 D4 CE 9D 0E 9A 01 00 23 98 35 2C 00 00 00 00 00 FF FF 25 EA BD EA 00 00,19 FF CA,0,1,1,1,2,0,0,1,0
8,8,0.020613298776226,0.0209844987551384,217,0,1,D,39 13 00 15 7B F1 9D 0A A0 69 4D CD 0F 12 40 F0 FF FF FF FF FF 27 40 18 5E 00 00 00 00 00 00 00,11 C2 93,0,1,1,1,1,1,0,1,0
8,9,0.0211465987445649,0.021659698715053,02D,0,1,E,1B 43 A6 04 C4 09 00 90 70 97 58 62 46 52 75 2B 88 E0 30 FF FF FF 7F 40 02 D2 35 FF FF FF FF 00 FE FF 2B CB 12 0D 00 00 00 00 00 00 00 00 00 00,06 58 6E,0,1,1,1,6,0,0,1,0
8,10,0.021665898713735,0.0218520987036306,227,0,1,9,41 00 05 08 01 0E 5C 45 D0 91 29 12,0 15 5B,0,1,1,1,5,1,0,1,0
8,11,0.0237080985924933,0.0243621985547292,219,0,1,F,39 0E 01 0F C0 35 FF FF FF FF FF FF FF DF D3 08 BC FD FF 39 0E 00 20 72 66 BA 20 68 81 83 1A 3F 26 80 55 68 4D C1 16 B3 28 1D 5C 05 03 00 F1 FF FF FF FF 28 01 4B 1A 00 00 00 00 00 00 00 00 00,11 F3 39,0,1,1,1,4,0,0,1,0
8,12,0.0283922983144009,0.0287724982928978,219,0,1,D,39 0F 00 15 6C 5C BA 20 FF FF 7F CF FF FF 3F FF FF FF FF FF FF 28 30 29 D7 00 00 00 00 00 00 00,05 4D 5D,0,1,1,1,2,0,0,1,0
8,13,0.0287784982914729,0.0291566982700885,220,0,1,D,39 10 00 16 99 26 9E 0E 9A 01 00 23 98 35 2C 00 00 00 00 00 FF FF 27 DC 45 C8 00 00 00 00 00 00,02 38 85,0,1,1,1,7,1,0,1,0
8,14,0.0291627982686578,0.0298529982287505,18E19490,0,1,F,03 68 06 C2 16 5B D2 10 0E 10 0E 1D 00 F5 00 EF 00 00 00 01 01 01 01 00 00 EF 01 EF 01 00 00 00 00 03 02 01 10 00 AC 0D 0E 0E 0F 0E 1D 00 94 DA 05 57 16 D2 0C 84 1C 00 13 11 00 15 05 15 00 00,13 D4 F1,0,1,1,1,1,1,1,1,0
8,15,0.040615797588714,0.0409899975675671,217,0,1,D,39 13 00 15 C2 C5 9E 0A A0 69 4D CE 0F 12 40 F0 FF FF FF FF FF 29 06 DB FB 00 00 00 00 00 00 00,18 D0 77,0,1,1,1,4,0,0,1,0
8,16,0.0411120975592496,0.0416261975297971,02D,0,1,E,04 4A A7 04 C4 09 00 90 70 97 58 62 46 52 75 2B 88 E0 30 FF FF FF 7F 40 02 D2 35 FF FF FF FF 00 FE FF 2D C0 3C EF 00 00 00 00 00 00 00 00 00 00,19 85 17,0,1,1,1,7,1,0,1,0
8,17,0.0436921974060738,0.0441933973773871,219,0,1,E,39 0F 01 06 4D 85 04 60 98 19 39 0E 00 20 E6 42 BB 20 68 81 83 1A 3F 26 80 55 68 4D C1 16 B3 28 1D 5C 05 03 00 F1 FF FF FF FF 2A 42 54 36 00 00,0D A2 02,0,1,1,1,3,1,0,1,0
8,18,0.045441397302227,0.0455497972966226,068,0,0,1,04,37 77,0,1,1,1,,,0,,
8,19,0.0484335971245855,0.0488117971032011,220,0,1,D,39 10 00 16 BD 8E 9F 0E 9A 01 00 23 98 35 2C 00 00 00 00 00 FF FF 29 B3 FC B4 00 00 00 00 00 00,03 4F B1,0,1,1,1,7,1,0,1,0
8,20,0.0488177971017763,0.0491959970802731,219,0,1,D,39 0F 00 15 8E 4C BB 20 FF FF 7F CF FF FF 3F FF FF FF FF FF FF 2A 3D 54 64 00 00 00 00 00 00 00,06 1D 72,0,1,1,1,0,0,0,1,0
6,1,0.00264559984293555,0.00301579982190734,217,0,1,D,39 13 00 15 AB D8 7A 0A A0 69 8D CD 0F 12 40 F0 FF FF FF FF FF E1 28 AE C8 00 00 00 00 00 00 00,0A FF AE,0,1,1,1,0,0,0,1,0
6,2,0.00324589980729684,0.00376099977778492,02D,0,1,E,B9 5D 83 04 C4 09 00 90 70 97 58 62 46 52 75 2B 88 E0 30 FF FF FF 7F 40 02 D2 35 FF FF FF FF 00 FE FF E5 15 EE DC 00 00 00 00 00 00 00 00 00 00,04 50 DF,0,1,1,1,0,0,0,1,0
6,3,0.00376719977634821,0.00395539976612501,227,0,1,9,41 00 05 08 01 99 40 1D AA BE 3A E6,1 A7 1D,0,1,1,1,7,1,0,1,0
6,4,0.00579329965606235,0.00644749961817358,219,0,1,F,39 0E 01 0F C0 35 FF FF FF FF FF FF FF DF D3 08 BC FD FF 39 0E 00 20 33 36 97 20 68 81 83 1A 3F 26 80 55 68 4D C1 16 B3 28 1D 5C 05 03 00 F1 FF FF FF FF E2 1A 82 68 00 00 00 00 00 00 00 00 00,09 25 65,0,1,1,1,4,0,0,1,0
6,5,0.0104755993780827,0.0108547993565202,219,0,1,D,39 0F 00 15 14 B4 97 20 FF FF 7F CF FF FF 3F FF FF FF FF FF FF E2 BB 7A 76 00 00 00 00 00 00 00,02 C8 DD,0,1,1,1,1,1,0,1,0
6,6,0.0108607993552141,0.0112359993338891,220,0,1,D,39 10 00 16 22 CC 7B 0E 9A 01 00 23 98 35 2C 00 00 00 00 00 FF FF E1 1B C6 72 00 00 00 00 00 00,0B 58 CF,0,1,1,1,4,0,0,1,0
6,7,0.0207002987710609,0.0213854987313317,18E19490,0,1,F,00 00 00 01 55 55 55 55 05 67 06 D7 03 00 00 EF 01 67 01 3B 02 8D 00 00 87 01 92 01 00 00 EE 08 E7 08 00 00 55 54 51 10 01 0F 01 C6 01 94 01 71 01 50 01 55 55 51 4D 03 13 11 00 15 05 15 00 00,10 3D 83,0,1,1,1,4,0,1,1,0
6,8,0.022645598655572,0.0230157986346625,217,0,1,D,39 13 00 15 99 92 7B 0A A0 69 CD CD 0F 12 40 F0 FF FF FF FF FF E3 D8 5F EF 00 00 00 00 00 00 00,0B 6E 27,0,1,1,1,0,0,0,1,0
6,9,0.0231898986232579,0.023704998593746,02D,0,1,E,E4 62 84 04 C4 09 00 90 70 97 58 62 46 52 75 2B 88 E0 30 FF FF FF 7F 40 02 D2 35 FF FF FF FF 00 FE FF E7 9A 81 1E 00 00 00 00 00 00 00 00 00 00,05 A3 13,0,1,1,1,0,0,0,1,0
6,10,0.0257669984702602,0.0262821984406236,219,0,1,E,39 0E 00 20 5E FD 98 20 68 81 83 1A 3F 26 80 55 68 4D C1 16 B3 28 1D 5C 05 03 00 F1 FF FF FF FF E4 36 17 4F 00 00 00 00 00 00 00 00 00 00 00 00,0C 50 19,0,1,1,1,1,1,0,1,0
6,11,0.0305262981877092,0.0309084981659686,219,0,1,D,39 0F 00 15 AA 41 98 20 FF FF 7F CF FF FF 3F FF FF FF FF FF FF E4 30 D4 7F 00 00 00 00 00 00 00,14 AC 45,0,1,1,1,4,0,0,1,0
6,12,0.0309144981646625,0.0312915981433434,220,0,1,D,39 10 00 16 BD A4 7C 0E 9A 01 00 23 98 35 2C 00 00 00 00 00 FF FF E3 B4 B5 9C 00 00 00 00 00 00,05 F4 D7,0,1,1,1,6,0,0,1,0
6,13,0.0432356974331753,0.0437480974035863,02D,0,1,E,FB 6B 85 04 C4 09 00 90 70 97 58 62 46 52 75 2B 88 E0 30 FF FF FF 7F 40 02 D2 35 FF FF FF FF 00 FE FF E9 A1 32 69 00 00 00 00 00 00 00 00 00 00,0B B3 78,0,1,1,1,7,1,0,1,0
6,14,0.0437559974022861,0.0441301973810204,217,0,1,D,39 13 00 15 08 50 7C 0A A0 69 4D CE 0F 12 40 F0 FF FF FF FF FF E5 35 74 62 00 00 00 00 00 00 00,1F CB A2,0,1,1,1,4,0,0,1,0
6,15,0.0441362973797084,0.0442915973713197,227,0,1,8,00 80 00 04 AD BC 0A 00,0 A0 98,0,1,1,1,0,0,0,1,0
6,16,0.0457893972815668,0.0463034972521143,219,0,1,E,39 0E 00 20 05 68 99 20 68 81 83 1A 3F 26 80 55 68 4D C1 16 B3 28 1D 5C 06 03 00 F1 FF FF FF FF E6 8F 73 2F 00 00 00 00 00 00 00 00 00 00 00 00,1A D5 12,0,1,1,1,0,0,0,1,0
5,1,0.00781929953578242,0.00832649950662077,217,0,1,E,39 13 01 0B 58 BA 88 55 95 00 FE 03 BA FF EF 39 13 00 15 19 C9 64 0A A0 69 4D CE 0F 12 40 F0 FF FF FF FF FF B5 2C 8D BA 00 00 00 00 00 00 00 00,0F C1 FF,0,1,1,1,1,1,0,1,0
5,2,0.00833249950531467,0.00884569947579682,02D,0,1,E,44 B8 6D 04 C4 09 00 90 70 97 58 62 46 52 75 2B 88 E0 30 FF FF FF 7F 40 02 D2 35 FF FF FF FF 00 FE FF B9 08 39 43 00 00 00 00 00 00 00 00 00 00,02 54 A1,0,1,1,1,6,0,0,1,0
5,3,0.00885189947447884,0.0090049994664582,212,0,1,8,39 04 06 04 49 C9 4B 84,0 EA D6,0,1,1,1,4,0,0,1,0
5,4,0.0108549993555584,0.0113711993258625,219,0,1,E,39 0E 00 20 3D 45 81 20 68 81 83 1A 3F 26 80 15 68 4D C1 16 B3 28 1D 5C 05 03 00 F1 FF FF FF FF B6 AD F8 82 00 00 00 00 00 00 00 00 00 00 00 00,14 03 91,0,1,1,1,2,0,0,1,0
5,5,0.015447299082922,0.0158254990614188,220,0,1,D,39 10 00 16 16 3E 65 0E 9A 01 00 23 98 35 2C 00 00 00 00 00 FF FF B5 6B A0 01 00 00 00 00 00 00,11 E6 E2,0,1,1,1,7,1,0,1,0
5,6,0.0158313990601187,0.0162125990385561,219,0,1,D,39 0F 00 15 59 C8 81 20 FF FF 7F CF FF FF 3F FF FF FF FF FF FF B6 17 8A FC 00 00 00 00 00 00 00,06 F6 23,0,1,1,1,3,1,0,1,0
5,7,0.0162185990371313,0.0169037989975208,18E19490,0,1,F,00 00 00 01 55 55 55 55 05 68 06 D8 03 00 00 EF 01 67 01 3B 02 8D 00 00 84 01 8F 01 00 00 EF 08 E8 08 00 00 55 54 51 11 01 10 01 C5 01 93 01 71 01 50 01 55 55 51 53 03 13 11 00 15 05 15 00 00,0E E3 80,0,1,1,1,4,0,1,1,0
5,8,0.0182717989152366,0.018460998904954,227,0,1,9,39 06 0B 08 00 11 11 18 00 00 D0 FF,1 D9 7D,0,1,1,1,0,0,0,1,0
5,9,0.0276916983559943,0.0280638983349661,217,0,1,D,39 13 00 15 2B 83 65 0A A0 69 0D CE 0F 12 40 F0 FF FF FF FF FF B7 28 6F 1B 00 00 00 00 00 00 00,01 C1 CC,0,1,1,1,2,0,0,1,0
5,10,0.028325998318337,0.0288420982887657,02D,0,1,E,65 A3 6E 04 C4 09 00 90 70 97 58 62 46 52 75 2B 88 E0 30 FF FF FF 7F 40 02 D2 35 FF FF FF FF 00 FE FF BB 20 3F 3E 00 00 00 00 00 00 00 00 00 00,13 E5 23,0,1,1,1,1,1,0,1,0
5,11,0.028848298287329,0.0290074982788275,079,0,1,8,20 BF 01 A0 00 49 A6 D9,1 82 C7,0,1,1,1,0,0,0,1,0
5,12,0.0290136982775095,0.0296697982396267,227,0,1,F,41 00 05 08 00 80 03 43 D0 01 BA 6E 39 04 22 08 00 3D 87 7E 78 0F FA FF 39 80 00 0C 00 7F A6 8F 1A 30 B0 FE BD A0 5F 19 05 00 00 0C F5 FC FF 00 00 00 00 00 BD A8 FA 9A 00 00 00 00 00 00 00 00,00 39 89,0,1,1,1,6,0,0,1,0
5,13,0.0308757981669601,0.0313899981375016,219,0,1,E,39 0E 00 20 F5 E9 82 20 68 81 83 1A 3F 26 80 55 68 4D C1 16 B3 28 1D 5C 05 03 00 F1 FF FF FF FF B8 AB 1C 3A 00 00 00 00 00 00 00 00 00 00 00 00,0F BD A5,0,1,1,1,0,0,0,1,0
5,14,0.0334360980149597,0.0336273980044338,212,0,1,9,39 04 0C 05 0E 0F F4 FF FF 00 00 00,1 37 80,0,1,1,1,4,0,0,1,0
5,15,0.0354571978949707,0.0359653978658684,220,0,1,E,39 10 01 10 55 43 40 39 55 10 39 46 E9 9C 11 20 95 C0 FF F5 39 10 00 16 5B D6 66 0E 9A 01 00 23 98 35 2C 00 00 00 00 00 FF FF B7 76 F7 0E 00 00,17 26 44,0,1,1,1,1,1,0,1,0
5,16,0.0359713978644436,0.036353597842703,219,0,1,D,39 0F 00 15 7F F9 82 20 FF FF 7F CF FF FF 3F FF FF FF FF FF FF B8 8B 14 8B 00 00 00 00 00 00 00,1E 66 E5,0,1,1,1,4,0,0,1,0
5,17,0.0456616972891482,0.0463548972490628,18E19490,0,1,F,01 E4 01 66 0D 7D 01 80 0C F1 00 BC 02 06 06 20 03 00 00 40 1F 01 36 01 AC 0D E9 06 01 20 03 48 0E 01 FB 06 87 0C 00 00 01 01 00 00 F4 37 D0 07 AC 0D 40 1F 0C 0E 19 57 13 11 00 15 05 15 00 00,08 A3 01,0,1,1,1,4,0,1,1,0
5,18,0.0476910971686664,0.0480642971474601,217,0,1,D,39 13 00 15 AD 07 66 0A A0 69 8D CE 0F 12 40 F0 FF FF FF FF FF B9 E5 AC 59 00 00 00 00 00 00 00,1E CE 33,0,1,1,1,3,1,0,1,0
5,19,0.0483243971310685,0.048838497101616,02D,0,1,E,7A AA 6F 04 C4 09 00 90 70 97 58 62 46 52 75 2B 88 E0 30 FF FF FF 7F 40 02 D2 35 FF FF FF FF 00 FE FF BD 2B 7F F7 00 00 00 00 00 00 00 00 00 00,13 DF 01,0,1,1,1,7,1,0,1,0
5,20,0.0488446971001792,0.0490328970899561,227,0,1,9,41 00 05 08 01 7A C2 73 E3 83 8C A5,1 8C 74,0,1,1,1,7,1,0,1,0
4,1,0.00761779954774511,0.00798889952678221,217,0,1,D,39 13 00 15 E9 62 4D 0A A0 69 4D CE 0F 12 40 F0 FF FF FF FF FF 87 1A 78 A5 00 00 00 00 00 00 00,0D A4 B1,0,1,1,1,1,1,0,1,0
4,2,0.00801099952440154,0.00852219949488369,02D,0,1,E,AC 49 56 04 C4 09 00 90 70 97 58 62 46 52 75 2B 88 E0 30 FF FF FF 7F 40 02 D2 35 FF FF FF FF 00 FE FF 8B 98 89 70 00 00 00 00 00 00 00 00 00 00,01 03 74,1,1,1,0,6,0,0,1,0
4,3,0.00853039949356571,0.00871849948346719,227,0,1,9,41 00 05 08 01 F6 1A 67 DE 8C 86 31,0 08 20,0,1,1,1,7,1,0,1,0
4,4,0.0105704993724487,0.0112245993346846,219,0,1,F,39 0E 01 0F D8 35 FF FF FF FF FF FF FF DF D3 08 BC FD FF 39 0E 00 20 97 90 6A 20 68 81 83 1A 3F 26 80 95 68 4D C1 16 B3 28 1D 5C 05 03 00 F1 FF FF FF FF 88 2C 3C 95 00 00 00 00 00 00 00 00 00,09 62 7B,0,1,1,1,4,0,0,1,0
4,5,0.0151566991001744,0.0155348990786712,220,0,1,D,39 10 00 16 CA 81 4E 0E 9A 01 00 23 98 35 2C 00 00 00 00 00 FF FF 87 56 1B 5F 00 00 00 00 00 00,06 36 36,0,1,1,1,7,1,0,1,0
4,6,0.0155408990773651,0.0159219990558085,219,0,1,D,39 0F 00 15 61 CA 6A 20 FF FF 7F CF FF FF 3F FF FF FF FF FF FF 88 07 5F B9 00 00 00 00 00 00 00,1A 75 23,0,1,1,1,3,1,0,1,0
4,7,0.0253801984932238,0.0260682984534412,18E19490,0,1,F,00 00 00 01 55 55 55 55 05 68 06 D8 03 00 00 EF 01 67 01 3B 02 8D 00 00 84 01 8F 01 00 00 EE 08 E2 08 00 00 55 53 51 10 01 10 01 C5 01 93 01 70 01 50 01 55 55 51 35 03 13 11 00 15 05 15 00 00,06 A9 A6,0,1,1,1,7,1,1,1,0
4,8,0.02761849836034,0.0279926983391931,217,0,1,D,39 13 00 15 BF BC 4E 0A A0 69 8D CE 0F 12 40 F0 FF FF FF FF FF 89 7F 56 A3 00 00 00 00 00 00 00,12 A1 67,0,1,1,1,4,0,0,1,0
4,9,0.0279987983377623,0.0285108983084285,02D,0,1,E,B9 63 57 04 C4 09 00 90 70 97 58 62 46 52 75 2B 98 E0 30 FF FF FF 7F 40 02 D2 35 FF FF FF FF 00 FE FF 8D 97 0C C7 00 00 00 00 00 00 00 00 00 00,18 69 E0,0,1,1,1,5,1,0,1,0
4,10,0.0285170983069918,0.0286752982985496,079,0,1,8,28 94 00 00 33 5C B3 70,1 93 C7,0,1,1,1,7,1,0,1,0
4,11,0.0305532981861063,0.0310553981572474,219,0,1,E,39 0F 01 06 4D 85 04 60 78 19 39 0E 00 20 BE E7 6B 20 68 81 83 1A 3F 26 80 55 68 4D C1 16 B3 28 1D 5C 05 03 00 F1 FF FF FF FF 8A 36 B5 17 00 00,01 D5 53,0,1,1,1,4,0,0,1,0
4,12,0.0323273980807812,0.0324375980753075,068,0,0,1,04,37 77,0,1,1,1,,,0,,
4,13,0.035237697908002,0.0356127978868017,220,0,1,D,39 10 00 16 EE 29 4F 0E 9A 01 00 23 98 35 2C 00 00 00 00 00 FF FF 89 0E B1 DC 00 00 00 00 00 00,17 6E 7D,0,1,1,1,4,0,0,1,0
4,14,0.0356187978853768,0.0359999978638143,219,0,1,D,39 0F 00 15 83 DA 6B 20 FF FF 7F CF FF FF 3F FF FF FF FF FF FF 8A CE DE 36 00 00 00 00 00 00 00,10 9A 71,0,1,1,1,3,1,0,1,0
4,15,0.048018097149253,0.0485322971196758,02D,0,1,E,16 37 58 04 C4 09 00 90 70 97 58 62 46 52 75 2B 88 E0 30 FF FF FF 7F 40 02 D2 35 FF FF FF FF 00 FE FF 8F 59 88 82 00 00 00 00 00 00 00 00 00 00,0E B5 69,0,1,1,1,7,1,0,1,0
4,16,0.0485384971183578,0.0486937971099691,227,0,1,8,00 80 00 04 B2 A2 01 00,1 59 B1,0,1,1,1,0,0,0,1,0
4,17,0.0488337971008264,0.0492049970796201,217,0,1,D,39 13 00 15 8D F6 4F 0A A0 69 CD CE 0F 12 40 F0 FF FF FF FF FF 8B 22 AF 9D 00 00 00 00 00 00 00,0A 70 7C,1,1,1,0,3,1,0,1,0
3,1,0.00613899963553877,0.00685319959408791,18E19490,0,1,F,04 56 01 54 01 0F 00 48 30 EE 0C 6D 0D 22 01 7E 01 08 03 01 01 01 01 01 00 00 00 00 00 00 00 00 00 00 00 00 00 00 00 00 00 00 00 00 00 00 00 00 00 00 00 00 00 00 00 00 13 11 00 15 05 15 00 00,05 1D 16,0,1,1,1,1,1,1,1,0
3,2,0.00813529951702208,0.00850749949587513,217,0,1,D,39 13 00 15 E7 3E 36 0A A0 69 CD CD 0F 12 40 F0 FF FF FF FF FF 59 47 EF 0B 00 00 00 00 00 00 00,11 40 17,0,1,1,1,2,0,0,1,0
3,3,0.00897759946701626,0.00949189943731437,02D,0,1,E,08 5C 3F 04 C4 09 00 90 70 97 58 62 46 52 75 2B 88 E0 30 FF FF FF 7F 40 02 D2 35 FF FF FF FF 00 FE FF 5D F8 5E 56 00 00 00 00 00 00 00 00 00 00,0C 45 D0,0,1,1,1,1,1,0,1,0
3,4,0.00949989943600826,0.00965809942756611,227,0,1,8,00 80 00 04 79 04 FC 00,0 A7 2D,0,1,1,1,1,1,0,1,0
3,5,0.0115059993169098,0.01201819928757,219,0,1,E,39 0E 00 20 39 68 53 20 68 81 83 1A 3F 26 80 55 68 4D C1 16 B3 28 1D 5C 05 03 00 F1 FF FF FF FF 5A C2 58 DE 00 00 00 00 00 00 00 00 00 00 00 00,1D 4D 68,0,1,1,1,6,0,0,1,0
3,6,0.0160742990456981,0.0164503990244384,220,0,1,D,39 10 00 16 5D D1 37 0E 9A 01 00 23 98 35 2C 00 00 00 00 00 FF FF 59 36 FB 31 00 00 00 00 00 00,16 BC BD,0,1,1,1,5,1,0,1,0
3,7,0.0164563990230135,0.0168365990013916,219,0,1,D,39 0F 00 15 90 7F 53 20 FF FF 7F CF FF FF 3F FF FF FF FF FF FF 5A 26 72 94 00 00 00 00 00 00 00,0A 8B CD,0,1,1,1,2,0,0,1,0
3,8,0.0189445988752937,0.0191777988623989,212,0,1,A,39 0C 14 0C FF FF FF FF FD FF FF FF FF FF FF FF,0 2F B8,0,1,1,1,4,0,0,1,0
3,9,0.0282344983237692,0.0287406982946669,217,0,1,E,39 13 01 0B 58 BA 88 55 95 00 FE 03 BA FF EF 39 13 00 15 3A 9E 37 0A A0 69 4D CE 0F 12 40 F0 FF FF FF FF FF 5B 9D 30 E2 00 00 00 00 00 00 00 00,11 62 0C,0,1,1,1,0,0,0,1,0
3,10,0.0289986982784001,0.0295138982488822,02D,0,1,E,1E EE 40 04 C4 09 00 90 70 97 58 62 46 52 75 2B 88 E0 30 FF FF FF 7F 40 02 D2 35 FF FF FF FF 00 FE FF 5F 39 8B 4C 00 00 00 00 00 00 00 00 00 00,04 96 76,0,1,1,1,0,0,0,1,0
3,11,0.0295200982474455,0.0296742982392408,212,0,1,8,39 04 06 04 3E 3A 42 84,1 51 2B,0,1,1,1,5,1,0,1,0
3,12,0.0314762981313095,0.0319883981019757,219,0,1,E,39 0E 00 20 D5 97 54 20 68 81 83 1A 3F 26 80 55 68 4D C1 16 B3 28 1D 5C 05 03 00 F1 FF FF FF FF 5C B6 B7 0E 00 00 00 00 00 00 00 00 00 00 00 00,12 C8 B2,0,1,1,1,6,0,0,1,0
3,13,0.035970497864497,0.0363475978431779,220,0,1,D,39 10 00 16 47 A8 38 0E 9A 01 00 23 98 35 2C 00 00 00 00 00 FF FF 5B D6 2A 5C 00 00 00 00 00 00,00 D1 CD,0,1,1,1,6,0,0,1,0
3,14,0.0363535978417531,0.0367337978202499,219,0,1,D,39 0F 00 15 3E 0D 54 20 FF FF 7F CF FF FF 3F FF FF FF FF FF FF 5C 2C 42 96 00 00 00 00 00 00 00,07 46 09,0,1,1,1,2,0,0,1,0
3,15,0.0367397978188251,0.0374289977788584,18E19490,0,1,F,00 00 00 01 55 55 55 55 05 68 06 D8 03 00 00 EF 01 67 01 3B 02 8D 00 00 86 01 90 01 00 00 E8 08 E6 08 00 00 55 54 51 10 01 10 01 C7 01 93 01 70 01 50 01 55 55 51 43 03 13 11 00 15 05 15 00 00,1F 69 C3,0,1,1,1,0,0,1,1,0
3,16,0.0388869976913497,0.0390761976810672,227,0,1,9,39 06 0B 08 00 11 11 18 00 00 D0 FF,1 D9 7D,0,1,1,1,0,0,0,1,0
3,17,0.0481468971416064,0.0485209971204654,217,0,1,D,39 13 00 15 84 6B 38 0A A0 69 4D CE 0F 12 40 F0 FF FF FF FF FF 5D 24 7C 22 00 00 00 00 00 00 00,18 93 51,0,1,1,1,4,0,0,1,0
3,18,0.048955097093625,0.0494681970641131,02D,0,1,E,01 E7 41 04 C4 09 00 90 70 97 58 62 46 52 75 2B 88 E0 30 FF FF FF 7F 40 02 D2 35 FF FF FF FF 00 FE FF 61 EA FA 75 00 00 00 00 00 00 00 00 00 00,1A 88 7C,1,1,1,0,0,0,0,1,0
3,19,0.0494764970626704,0.0497747970457921,227,0,1,C,41 00 05 08 00 80 03 43 D0 01 60 5D 39 04 22 08 00 3D 86 7E 78 0F FA FF,0D 52 BA,0,1,1,1,2,0,0,1,0
2,1,0.000130299992264327,0.000645399962752407,02D,0,1,E,63 A8 22 04 C4 09 00 90 70 97 58 62 46 52 75 2B 88 E0 30 FF FF FF 7F 40 02 D2 35 FF FF FF FF 00 FE FF 23 5F 12 E0 00 00 00 00 00 00 00 00 00 00,14 DE AB,0,1,1,1,0,0,0,1,0
2,2,0.000651599961315696,0.000805799953111015,212,0,1,8,39 04 06 04 11 DA 3C 84,1 9C 59,0,1,1,1,5,1,0,1,0
2,3,0.00266179984197379,0.00317889981234313,219,0,1,E,39 0E 00 20 1F 09 36 20 68 81 83 1A 3F 26 80 55 68 4D C1 16 B3 28 1D 5C 06 03 00 F1 FF FF FF FF 20 F5 7C CD 00 00 00 00 00 00 00 00 00 00 00 00,11 C0 D7,0,1,1,1,3,1,0,1,0
2,4,0.00711699957747669,0.00749409955615758,220,0,1,D,39 10 00 16 3A AE 1A 0E 9A 01 00 23 98 35 2C 00 00 00 00 00 FF FF 1F A5 64 A4 00 00 00 00 00 00,10 E8 7A,0,1,1,1,6,0,0,1,0
2,5,0.00750009955473274,0.00788129953317022,219,0,1,D,39 0F 00 15 FC 68 36 20 FF FF 7F CF FF FF 3F FF FF FF FF FF FF 20 B8 F1 0B 00 00 00 00 00 00 00,10 1D E2,0,1,1,1,3,1,0,1,0
2,6,0.00788729953174538,0.00857249949213494,18E19490,0,1,F,00 00 00 01 55 55 55 55 05 67 06 D7 03 00 00 EF 01 67 01 3B 02 8D 00 00 84 01 8F 01 00 00 EA 08 E7 08 00 00 55 54 51 0F 01 10 01 C6 01 93 01 70 01 51 01 55 55 51 46 03 13 11 00 15 05 15 00 00,0A BA CD,0,1,1,1,4,0,1,1,0
2,7,0.0100645994024831,0.0102518993921946,227,0,1,9,39 06 0B 08 00 11 11 18 00 00 D0 FF,1 D9 7D,0,1,1,1,0,0,0,1,0
2,8,0.0103638993847142,0.0105219993763967,079,0,1,8,20 E2 0E A0 00 49 A6 D7,0 9D B3,0,1,1,1,7,1,0,1,0
2,9,0.019378798849516,0.0197498988285531,217,0,1,D,39 13 00 15 E7 2F 1A 0A A0 69 0D CF 0F 12 40 F0 FF FF FF FF FF 21 35 5F 68 00 00 00 00 00 00 00,1B CD D5,0,1,1,1,1,1,0,1,0
2,10,0.0201439988040875,0.0206581987745102,02D,0,1,E,7C A1 23 04 C4 09 00 90 70 97 58 62 46 52 75 2B 88 E0 30 FF FF FF 7F 40 02 D2 35 FF FF FF FF 00 FE FF 25 A9 D8 D8 00 00 00 00 00 00 00 00 00 00,1D C1 65,0,1,1,1,7,1,0,1,0
2,11,0.0206643987731923,0.0209616987563732,227,0,1,C,41 00 05 08 00 80 03 43 D0 01 24 26 39 04 22 08 00 3D 86 7E 78 0F FA FF,0F A0 78,0,1,1,1,1,1,0,1,0
2,12,0.0226674986542719,0.0231816986246946,219,0,1,E,39 0E 00 20 8B 2D 37 20 68 81 83 1A 3F 26 80 55 68 4D C1 16 B3 28 1D 5C 06 03 00 F1 FF FF FF FF 22 01 B5 F9 00 00 00 00 00 00 00 00 00 00 00 00,07 59 51,0,1,1,1,0,0,0,1,0
2,13,0.025239698501565,0.0257627984715782,212,0,1,E,39 04 0C 05 0E 0F F4 FF FF 39 15 01 14 44 F9 91 E5 F8 5F F5 FF FF FF FF FE 07 00 A1 28 75 FE FF FF 00 00 00 00 00 00 00 00 00 00 00 00 00 00 00,02 88 75,0,1,1,1,1,1,0,1,0
2,14,0.0271448983884568,0.027655098359117,220,0,1,E,39 10 01 10 55 43 40 00 55 10 C1 12 E9 9C 11 20 95 C0 FF F5 39 10 00 16 1E 06 1B 0E 9A 01 00 23 98 35 2C 00 00 00 00 00 FF FF 21 25 C2 CD 00 00,18 4F F6,0,1,1,1,3,1,0,1,0
2,15,0.0276610983578109,0.0280411983363137,219,0,1,D,39 0F 00 15 1E 78 37 20 FF FF 7F CF FF FF 3F FF FF FF FF FF FF 22 99 7D BB 00 00 00 00 00 00 00,01 75 D9,0,1,1,1,2,0,0,1,0
2,16,0.0373533977823968,0.0380515977418958,18E19490,0,1,F,01 E5 01 66 0D 7C 01 80 0C F1 00 BC 02 06 06 20 03 00 00 40 1F 01 BE 03 AC 0D F0 06 01 20 03 50 0E 01 FB 06 83 0C 00 00 01 01 00 00 F4 37 D0 07 AC 0D 40 1F 0C 64 19 57 13 11 00 15 05 15 00 00,05 16 32,0,1,1,1,1,1,1,1,0
2,17,0.0393837976618556,0.0397548976408927,217,0,1,D,39 13 00 15 D0 89 1B 0A A0 69 8D CE 0F 12 40 F0 FF FF FF FF FF 23 64 85 70 00 00 00 00 00 00 00,1C FE EF,0,1,1,1,1,1,0,1,0
2,18,0.0401209976180894,0.0406350975886369,02D,0,1,E,21 9E 24 04 C4 09 00 90 70 97 58 62 46 52 75 2B 88 E0 30 FF FF FF 7F 40 02 D2 35 FF FF FF FF 00 FE FF 27 EB 4B 83 00 00 00 00 00 00 00 00 00 00,12 23 AA,0,1,1,1,7,1,0,1,0
2,19,0.0406412975872001,0.0408276975769651,227,0,1,9,41 00 05 08 01 F8 82 65 1D D3 30 B3,0 E3 0C,0,1,1,1,7,1,0,1,0
2,20,0.0426754974664334,0.0433285974287287,219,0,1,F,39 0E 01 0F B8 35 FF FF FF FF FF FF FF DF D3 08 BC FD FF 39 0E 00 20 E6 E6 38 20 68 81 83 1A 3F 26 80 55 68 4D C1 16 B3 28 1D 5C 06 03 00 F1 FF FF FF FF 24 2C 22 31 00 00 00 00 00 00 00 00 00,18 9C F7,0,1,1,1,3,1,0,1,0
2,21,0.047264697193981,0.0476418971725372,220,0,1,D,39 10 00 16 81 6E 1C 0E 9A 01 00 23 98 35 2C 00 00 00 00 00 FF FF 23 6D 77 9C 00 00 00 00 00 00,14 18 11,0,1,1,1,6,0,0,1,0
2,22,0.0476478971712311,0.0480309971495558,219,0,1,D,39 0F 00 15 A0 8D 38 20 FF FF 7F CF FF FF 3F FF FF FF FF FF FF 24 14 F0 78 00 00 00 00 00 00 00,1B AD D9,0,1,1,1,5,1,0,1,0
1,1,0.000215799987188348,0.000730199957480513,02D,0,1,E,E0 AD 04 04 C4 09 00 90 70 97 58 62 46 52 75 2B 88 E0 30 FF FF FF 7F 40 02 D2 35 FF FF FF FF 00 FE FF E7 17 4B 72 00 00 00 00 00 00 00 00 00 00,08 C5 5E,0,1,1,1,1,1,0,1,0
1,2,0.000738199956174412,0.000891299948153772,212,0,1,8,39 04 06 04 BA B2 36 84,1 96 2F,0,1,1,1,4,0,0,1,0
1,3,0.00275729983630413,0.00327549980648943,219,0,1,E,39 0E 00 20 59 44 18 20 68 81 83 1A 3F 26 80 15 68 4D C1 16 B3 28 1D 5C 05 03 00 F1 FF FF FF FF E4 15 D2 5F 00 00 00 00 00 00 00 00 00 00 00 00,0E 52 60,0,1,1,1,4,0,0,1,0
1,4,0.00711949957732827,0.00749669955600322,220,0,1,D,39 10 00 16 CC AC FC 0E 9A 01 00 23 98 35 2C 00 00 00 00 00 FF FF E3 22 21 53 00 00 00 00 00 00,03 A6 BD,0,1,1,1,6,0,0,1,0
1,5,0.00750269955457838,0.00788279953308117,219,0,1,D,39 0F 00 15 A2 B1 18 20 FF FF 7F CF FF FF 3F FF FF FF FF FF FF E4 CB 67 4F 00 00 00 00 00 00 00,07 15 DB,0,1,1,1,2,0,0,1,0
1,6,0.00788879953165633,0.00857399949204589,18E19490,0,1,F,00 00 00 01 55 55 55 55 05 68 06 D8 03 00 00 EF 01 67 01 3B 02 8D 00 00 82 01 8E 01 00 00 EF 08 E3 08 00 00 55 53 51 11 01 0F 01 C6 01 93 01 70 01 50 01 55 55 51 46 03 13 11 00 15 05 15 00 00,1B D8 FD,0,1,1,1,4,0,1,1,0
1,7,0.00857999949062105,0.00886619947469851,14420061,0,0,8,40 02 00 00 00 00 00 00,0F A5,0,1,1,1,,,1,,
1,8,0.0101661993964512,0.0103553993861687,227,0,1,9,39 06 0B 08 00 11 11 18 00 00 D0 FF,1 D9 7D,0,1,1,1,0,0,0,1,0
1,9,0.0196840988313909,0.0200562988102439,217,0,1,D,39 13 00 15 A5 F9 FC 0A A0 69 0D CF 0F 12 40 F0 FF FF FF FF FF E5 3A EC 4C 00 00 00 00 00 00 00,03 98 2C,0,1,1,1,2,0,0,1,0
1,10,0.020238298798489,0.0207534987688524,02D,0,1,E,FF A4 05 04 C4 09 00 90 70 97 58 62 46 52 75 2B 88 E0 30 FF FF FF 7F 40 02 D2 35 FF FF FF FF 00 FE FF E9 91 24 A1 00 00 00 00 00 00 00 00 00 00,1D 3E C5,0,1,1,1,0,0,0,1,0
1,11,0.0207596987675345,0.0210587987508461,227,0,1,C,41 00 05 08 00 80 03 43 D0 00 E8 B6 39 04 22 08 00 3D 86 7E 78 0F FA FF,12 07 12,0,1,1,1,1,1,0,1,0
1,12,0.0227627986486141,0.0232769986190368,219,0,1,E,39 0E 00 20 78 AA 19 1F 68 81 83 1A 3F 26 80 55 68 4D C1 16 B3 28 1D 5C 05 03 00 F1 FF FF FF FF E6 D6 02 E9 00 00 00 00 00 00 00 00 00 00 00 00,12 AF 5B,0,1,1,1,0,0,0,1,0
1,13,0.0253349984959073,0.0258563984657838,212,0,1,E,39 04 0C 05 0E 0F F4 FF FF 39 15 01 14 44 F9 91 E1 F8 5F F5 FF FF FF FF FE 07 00 A1 28 75 FE FF FF 00 00 00 00 00 00 00 00 00 00 00 00 00 00 00,02 B4 4B,0,1,1,1,1,1,0,1,0
1,14,0.0271281983894482,0.0276393983600491,220,0,1,E,39 10 01 10 55 43 40 00 55 10 91 06 E8 9C 11 20 95 C0 FF F5 39 10 00 16 E8 04 FD 0E 9A 01 00 23 98 35 2C 00 00 00 00 00 FF FF E5 79 A6 3B 00 00,17 59 0C,0,1,1,1,4,0,0,1,0
1,15,0.027645398358743,0.0280254983372458,219,0,1,D,39 0F 00 15 40 A1 19 20 FF FF 7F CF FF FF 3F FF FF FF FF FF FF E6 32 4E 6C 00 00 00 00 00 00 00,0A 07 48,0,1,1,1,2,0,0,1,0
1,16,0.0372976977857036,0.0379967977452679,18E19490,0,1,F,01 E6 01 66 0D 7C 01 80 0C F1 00 BC 02 06 06 20 03 00 00 40 1F 01 BE 03 AC 0D F0 06 01 20 03 50 0E 01 FA 06 83 0C 00 00 01 01 00 00 F4 37 D0 07 AC 0D 40 1F 0C 5E 0F 57 13 11 00 15 05 15 00 00,03 51 FE,0,1,1,1,2,0,1,1,0
1,17,0.0394310976590475,0.0398061976378472,217,0,1,D,39 13 00 15 92 5F FD 0A A0 69 8D CE 0F 12 40 F0 FF FF FF FF FF E7 83 07 5B 00 00 00 00 00 00 00,13 D6 F0,0,1,1,1,5,1,0,1,0
1,18,0.0402142976125504,0.0407303975829791,02D,0,1,E,DE BF 06 04 C4 09 00 90 70 97 58 62 46 52 75 2B 88 E0 30 FF FF FF 7F 40 02 D2 35 FF FF FF FF 00 FE FF EB D5 5E 38 00 00 00 00 00 00 00 00 00 00,1C BD A8,0,1,1,1,1,1,0,1,0
1,19,0.0407365975815424,0.0409237975713785,227,0,1,9,41 00 05 08 01 A5 CA 2D 3C 0D 86 3A,1 88 38,0,1,1,1,6,0,0,1,0
1,20,0.0427716974607222,0.0434268974228928,219,0,1,F,39 0E 01 0F C0 35 FF FF FF FF FF FF FF DF D3 08 BC FD FF 39 0E 00 20 05 CC 1A 20 68 81 83 1A 3F 26 80 55 68 4D C1 16 B3 28 1D 5C 05 03 00 F1 FF FF FF FF E8 61 38 6F 00 00 00 00 00 00 00 00 00,1A 4A 81,0,1,1,1,5,1,0,1,0
1,21,0.047202997197644,0.0475800971763249,220,0,1,D,39 10 00 16 A5 EC FE 0E 9A 01 00 23 98 35 2C 00 00 00 00 00 FF FF E7 B7 22 DD 00 00 00 00 00 00,03 0E 72,0,1,1,1,6,0,0,1,0
1,22,0.0475860971749,0.0479672971532188,219,0,1,D,39 0F 00 15 66 90 1A 20 FF FF 7F CF FF FF 3F FF FF FF FF FF FF E8 29 A9 79 00 00 00 00 00 00 00,06 42 74,0,1,1,1,3,1,0,1,0