Timestamp,ID,Len,Data0,Data1,Data2,Data3,Data4,Data5,Data6,Data7,Data8,Data9,Data10,Data11,Data12,Data13,Data14,Data15,Data16,Data17,Data18,Data19,Data20,Data21,Data22,Data23,Data24,Data25,Data26,Data27,Data28,Data29,Data30,Data31,Data32,Data33,Data34,Data35,Data36,Data37,Data38,Data39,Data40,Data41,Data42,Data43,Data44,Data45,Data46,Data47,Data48,Data49,Data50,Data51,Data52,Data53,Data54,Data55,Data56,Data57,Data58,Data59,Data60,Data61,Data62,Data63
0.00102979993886265,219,15,57,14,1,15,192,53,255,255,255,255,255,255,255,223,211,8,188,253,255,57,14,0,32,213,51,215,32,104,129,131,26,63,38,128,85,104,77,193,22,179,40,29,92,6,3,0,241,255,255,255,255,97,169,127,84,0,0,0,0,0,0,0,0,0
0.00571509966070494,219,13,57,15,0,21,16,204,215,32,255,255,127,207,255,255,63,255,255,255,255,255,255,98,159,108,49,0,0,0,0,0,0,0,,,,,,,,,,,,,,,,,,,,,,,,,,,,,,,,
0.00653229961218926,220,13,57,16,0,22,123,72,187,14,154,1,0,35,152,53,44,0,0,0,0,0,255,255,96,216,4,222,0,0,0,0,0,0,,,,,,,,,,,,,,,,,,,,,,,,,,,,,,,,
0.00691559958943344,417436816,15,3,104,6,199,22,97,210,17,14,18,14,29,0,2,1,225,0,0,0,2,1,2,1,0,0,239,1,239,1,0,0,0,0,5,2,1,16,0,172,13,13,14,13,14,30,0,148,215,5,100,22,209,12,132,28,0,19,17,0,21,5,21,0,0
0.0183775989089554,217,13,57,19,0,21,61,12,187,10,160,105,77,209,15,18,56,240,255,255,255,255,255,99,92,212,108,0,0,0,0,0,0,0,,,,,,,,,,,,,,,,,,,,,,,,,,,,,,,,
0.0187517988867398,45,14,102,5,196,4,196,9,0,144,112,151,88,98,70,82,117,43,136,224,48,255,255,255,127,64,2,210,53,255,255,255,255,0,254,255,103,224,192,133,0,0,0,0,0,0,0,0,0,0,,,,,,,,,,,,,,,,
0.0210039987530308,219,14,57,14,0,32,5,171,216,32,104,129,131,26,63,38,128,149,104,77,193,22,179,40,29,92,6,3,0,241,255,255,255,255,100,143,124,14,0,0,0,0,0,0,0,0,0,0,0,0,,,,,,,,,,,,,,,,
0.0257122984735076,219,13,57,15,0,21,174,57,216,32,255,255,127,207,255,255,63,255,255,255,255,255,255,100,107,120,160,0,0,0,0,0,0,0,,,,,,,,,,,,,,,,,,,,,,,,,,,,,,,,
0.0264763984281444,220,13,57,16,0,22,228,32,188,14,154,1,0,35,152,53,44,0,0,0,0,0,255,255,99,20,0,15,0,0,0,0,0,0,,,,,,,,,,,,,,,,,,,,,,,,,,,,,,,,
0.0365379978308056,417436816,15,4,85,1,85,1,14,0,62,48,237,12,110,13,34,1,125,1,8,3,1,1,1,1,1,0,0,0,0,0,0,0,0,0,0,0,0,0,0,0,0,0,0,0,0,0,0,0,0,0,0,0,0,0,0,0,0,19,17,0,21,5,21,0,0
0.0384911977148477,45,14,115,47,197,4,196,9,0,144,112,151,88,98,70,82,117,43,152,224,48,255,255,255,127,64,2,210,53,255,255,255,255,0,254,255,105,25,175,67,0,0,0,0,0,0,0,0,0,0,,,,,,,,,,,,,,,,
0.0391324976767748,217,13,57,19,0,21,147,126,188,10,160,105,77,209,15,18,56,240,255,255,255,255,255,101,196,79,60,0,0,0,0,0,0,0,,,,,,,,,,,,,,,,,,,,,,,,,,,,,,,,
0.0410065975655129,219,14,57,14,0,32,94,62,217,32,104,129,131,26,63,38,128,149,104,77,193,22,179,40,29,92,5,3,0,241,255,255,255,255,102,189,186,19,0,0,0,0,0,0,0,0,0,0,0,0,,,,,,,,,,,,,,,,
0.043611797410847,227,8,0,128,0,4,49,210,74,0,,,,,,,,,,,,,,,,,,,,,,,,,,,,,,,,,,,,,,,,,,,,,,,,,,,,,,,,
0.0457299972850933,219,13,57,15,0,21,76,41,217,32,255,255,127,207,255,255,63,255,255,255,255,255,255,102,20,236,113,0,0,0,0,0,0,0,,,,,,,,,,,,,,,,,,,,,,,,,,,,,,,,
0.0466260972318935,220,13,57,16,0,22,192,136,189,14,154,1,0,35,152,53,44,0,0,0,0,0,255,255,101,4,198,130,0,0,0,0,0,0,,,,,,,,,,,,,,,,,,,,,,,,,,,,,,,,
0.0484922971211006,212,10,57,12,20,12,255,255,255,255,253,255,255,255,255,255,255,255,,,,,,,,,,,,,,,,,,,,,,,,,,,,,,,,,,,,,,,,,,,,,,,,
0.0074121995599512,219,13,57,14,4,16,92,227,11,76,36,180,219,255,63,174,108,121,235,255,255,255,57,15,1,6,77,133,4,96,212,30,0,0,,,,,,,,,,,,,,,,,,,,,,,,,,,,,,,,
0.0101386993980839,217,13,57,19,0,21,81,128,162,10,160,105,77,210,15,18,56,240,255,255,255,255,255,49,31,16,191,0,0,0,0,0,0,0,,,,,,,,,,,,,,,,,,,,,,,,,,,,,,,,
0.0105188993755121,45,14,138,5,171,4,196,9,0,144,112,151,88,98,70,82,117,43,152,224,48,255,255,255,127,64,2,210,53,255,255,255,255,0,254,255,53,250,61,189,0,0,0,0,0,0,0,0,0,0,,,,,,,,,,,,,,,,
0.0127910992406157,219,14,57,14,0,32,253,86,191,32,104,129,131,26,63,39,128,149,104,77,193,22,179,40,29,92,5,3,0,241,255,255,255,255,50,152,169,6,0,0,0,0,0,0,0,0,0,0,0,0,,,,,,,,,,,,,,,,
0.0145922991336818,68,1,4,,,,,,,,,,,,,,,,,,,,,,,,,,,,,,,,,,,,,,,,,,,,,,,,,,,,,,,,,,,,,,,
0.0153825990867631,227,9,65,0,0,8,3,169,159,183,181,126,0,0,,,,,,,,,,,,,,,,,,,,,,,,,,,,,,,,,,,,,,,,,,,,,,,,,,,,
0.0175107989604157,219,13,57,15,0,21,6,15,191,32,255,255,127,207,255,255,63,255,255,255,255,255,255,50,30,17,7,0,0,0,0,0,0,0,,,,,,,,,,,,,,,,,,,,,,,,,,,,,,,,
0.0182019989193805,220,13,57,16,0,22,244,122,163,14,154,1,0,35,152,53,44,0,0,0,0,0,255,255,49,140,245,213,0,0,0,0,0,0,,,,,,,,,,,,,,,,,,,,,,,,,,,,,,,,
0.0185832988967434,417436816,15,2,132,0,100,100,100,1,0,5,39,85,2,3,0,0,0,0,0,0,0,15,1,19,1,194,4,192,4,182,4,2,0,254,255,0,0,77,20,198,5,115,5,129,19,0,0,5,2,122,8,128,12,138,15,237,11,19,17,0,21,5,21,0,0
0.0302865982019398,45,14,215,58,172,4,196,9,0,144,112,151,88,98,70,82,117,43,152,224,48,255,255,255,127,64,2,210,53,255,255,255,255,0,254,255,55,69,95,154,0,0,0,0,0,0,0,0,0,0,,,,,,,,,,,,,,,,
0.0308068981710505,217,13,57,19,0,21,254,120,163,9,160,105,77,210,15,18,56,240,255,255,255,255,255,51,180,135,68,0,0,0,0,0,0,0,,,,,,,,,,,,,,,,,,,,,,,,,,,,,,,,
0.0311840981486569,227,8,0,128,0,4,223,6,69,0,,,,,,,,,,,,,,,,,,,,,,,,,,,,,,,,,,,,,,,,,,,,,,,,,,,,,,,,
0.0328161980517621,219,14,57,14,0,32,73,71,192,32,104,129,131,26,63,38,128,149,104,77,193,22,179,40,29,92,5,3,0,241,255,255,255,255,52,155,142,192,0,0,0,0,0,0,0,0,0,0,0,0,,,,,,,,,,,,,,,,
0.0375014977736043,219,13,57,15,0,21,191,160,192,32,255,255,127,207,255,255,63,255,255,255,255,255,255,52,96,141,0,0,0,0,0,0,0,0,,,,,,,,,,,,,,,,,,,,,,,,,,,,,,,,
0.0382266977305505,220,13,57,16,0,22,107,18,164,14,154,1,0,35,152,53,44,0,0,0,0,0,255,255,51,220,37,75,0,0,0,0,0,0,,,,,,,,,,,,,,,,,,,,,,,,,,,,,,,,
0.0401470976165399,217,9,57,254,40,8,41,0,0,0,0,0,0,0,,,,,,,,,,,,,,,,,,,,,,,,,,,,,,,,,,,,,,,,,,,,,,,,,,,,
0.0404102976009142,212,10,57,12,20,12,255,255,255,255,253,255,255,255,255,255,255,255,,,,,,,,,,,,,,,,,,,,,,,,,,,,,,,,,,,,,,,,,,,,,,,,
0.0454576973012593,227,9,2,128,0,8,40,158,210,1,131,51,24,131,,,,,,,,,,,,,,,,,,,,,,,,,,,,,,,,,,,,,,,,,,,,,,,,,,,,
0.0482288971367382,417436816,15,3,104,6,193,22,98,210,16,14,16,14,29,0,240,0,246,0,0,0,2,1,2,1,0,0,239,1,239,1,0,0,0,0,4,2,1,16,0,172,13,14,14,14,14,30,0,148,214,5,94,22,219,12,132,28,0,19,17,0,21,5,21,0,0
0.00415409975337866,417436816,15,3,104,6,186,22,101,210,16,14,16,14,29,0,244,0,242,0,0,0,2,1,2,1,0,0,239,1,239,1,0,0,0,0,4,2,1,16,0,172,13,13,14,13,14,30,0,148,215,5,107,22,210,12,132,28,0,19,17,0,21,5,21,0,0
0.00605539964050195,217,14,57,19,1,11,88,186,120,85,149,0,254,3,186,255,239,57,19,0,21,120,70,134,9,160,105,13,212,15,18,56,240,255,255,255,255,255,248,30,157,93,0,0,0,0,0,0,0,0,,,,,,,,,,,,,,,,
0.00656869961002826,45,14,55,18,143,4,196,9,0,144,112,151,88,98,70,82,117,43,152,224,48,255,255,255,127,64,2,210,53,255,255,255,255,0,254,255,253,11,4,67,0,0,0,0,0,0,0,0,0,0,,,,,,,,,,,,,,,,
0.007088999579139,212,8,57,4,6,4,183,216,133,132,,,,,,,,,,,,,,,,,,,,,,,,,,,,,,,,,,,,,,,,,,,,,,,,,,,,,,,,
0.00876119947986354,219,14,57,14,0,32,46,153,163,32,104,129,131,26,63,39,128,149,104,77,193,22,179,40,29,92,5,3,0,241,255,255,255,255,249,215,3,143,0,0,0,0,0,0,0,0,0,0,0,0,,,,,,,,,,,,,,,,
0.0134713992002276,219,13,57,15,0,21,159,213,163,32,255,255,127,207,255,255,63,255,255,255,255,255,255,249,253,107,34,0,0,0,0,0,0,0,,,,,,,,,,,,,,,,,,,,,,,,,,,,,,,,
0.014236599154799,220,13,57,16,0,22,50,188,135,14,154,1,0,35,152,53,44,0,0,0,0,0,255,255,248,142,238,177,0,0,0,0,0,0,,,,,,,,,,,,,,,,,,,,,,,,,,,,,,,,
0.0162007990381881,227,9,57,6,11,8,0,17,17,24,0,0,208,255,,,,,,,,,,,,,,,,,,,,,,,,,,,,,,,,,,,,,,,,,,,,,,,,,,,,
0.0260486984535362,217,13,57,19,0,21,154,86,135,9,160,105,13,212,15,18,56,240,255,255,255,255,255,250,145,3,66,0,0,0,0,0,0,0,,,,,,,,,,,,,,,,,,,,,,,,,,,,,,,,
0.0264258984311425,45,14,98,244,144,4,196,9,0,144,112,151,88,98,70,82,117,43,152,224,48,255,255,255,127,64,2,210,53,255,255,255,255,0,254,255,255,186,135,128,0,0,0,0,0,0,0,0,0,0,,,,,,,,,,,,,,,,
0.0269482984001286,212,12,57,254,29,8,89,64,178,8,64,2,0,0,57,4,12,5,14,15,244,255,255,0,0,0,,,,,,,,,,,,,,,,,,,,,,,,,,,,,,,,,,,,,,,,
0.0272565983818254,227,15,65,0,5,8,0,128,3,67,208,3,254,207,57,4,34,8,0,61,135,126,120,31,250,255,57,128,0,12,0,127,178,143,26,48,176,254,1,83,44,230,5,0,0,12,245,252,255,0,0,0,0,0,1,216,16,82,0,0,0,0,0,0,0,0
0.0287867982909802,219,14,57,14,0,32,194,102,164,32,104,129,131,26,63,39,128,149,104,77,193,22,179,40,29,92,5,3,0,241,255,255,255,255,251,9,62,148,0,0,0,0,0,0,0,0,0,0,0,0,,,,,,,,,,,,,,,,
0.0334590980135943,219,13,57,15,0,21,49,167,164,32,255,255,127,207,255,255,63,255,255,255,255,255,255,251,142,160,239,0,0,0,0,0,0,0,,,,,,,,,,,,,,,,,,,,,,,,,,,,,,,,
0.0341332979735682,220,14,57,16,1,16,85,67,64,48,85,16,9,86,233,156,17,32,149,192,255,245,57,16,0,22,40,197,136,14,154,1,0,35,152,53,44,0,0,0,0,0,255,255,250,2,194,87,0,0,,,,,,,,,,,,,,,,
0.0346505979428571,417436816,15,4,83,1,86,1,15,0,62,48,235,12,110,13,34,1,125,1,8,3,1,1,1,1,1,0,0,0,0,0,0,0,0,0,0,0,0,0,0,0,0,0,0,0,0,0,0,0,0,0,0,0,0,0,0,0,0,19,17,0,21,5,21,0,0
0.0460465972662973,217,13,57,19,0,21,31,68,136,9,160,105,205,211,15,18,56,240,255,255,255,255,255,252,76,64,70,0,0,0,0,0,0,0,,,,,,,,,,,,,,,,,,,,,,,,,,,,,,,,
0.0464247972438443,45,14,125,253,145,4,196,9,0,144,112,151,88,98,70,82,117,43,152,224,48,255,255,255,127,64,2,210,53,255,255,255,255,0,254,255,1,42,63,18,0,0,0,0,0,0,0,0,0,0,,,,,,,,,,,,,,,,
0.046948197212771,227,9,65,0,5,8,1,4,121,118,165,182,188,170,,,,,,,,,,,,,,,,,,,,,,,,,,,,,,,,,,,,,,,,,,,,,,,,,,,,
0.0487753971042935,219,15,57,14,1,15,204,53,255,255,255,255,255,255,255,223,211,8,188,253,255,57,14,0,32,86,66,165,32,104,129,131,26,63,39,128,149,104,77,193,22,179,40,29,92,5,3,0,241,255,255,255,255,253,210,100,124,0,0,0,0,0,0,0,0,0
0.00294019982544569,219,13,57,15,0,21,73,79,137,32,255,255,127,207,255,255,63,255,255,255,255,255,255,197,175,225,144,0,0,0,0,0,0,0,,,,,,,,,,,,,,,,,,,,,,,,,,,,,,,,
0.00357929978750349,220,13,57,16,0,22,147,47,109,14,154,1,0,35,152,53,44,0,0,0,0,0,255,255,196,37,44,89,0,0,0,0,0,0,,,,,,,,,,,,,,,,,,,,,,,,,,,,,,,,
0.00396069976486046,417436816,15,1,231,1,102,13,125,1,128,12,241,0,188,2,6,6,32,3,0,0,64,31,1,191,3,172,13,233,6,1,32,3,72,14,1,250,6,132,12,0,0,1,1,0,0,253,55,208,7,172,13,64,31,12,66,48,87,19,17,0,21,5,21,0,0
0.00572689966000439,212,10,57,12,20,12,255,255,255,255,253,255,255,255,255,255,255,255,,,,,,,,,,,,,,,,,,,,,,,,,,,,,,,,,,,,,,,,,,,,,,,,
0.0154727990814081,217,14,57,19,1,11,88,186,120,85,149,0,254,3,186,255,239,57,19,0,21,222,250,109,9,160,105,141,210,15,18,56,240,255,255,255,255,255,198,156,65,228,0,0,0,0,0,0,0,0,,,,,,,,,,,,,,,,
0.0159879990508216,45,14,103,89,118,4,196,9,0,144,112,151,88,98,70,82,117,43,152,224,48,255,255,255,127,64,2,210,53,255,255,255,255,0,254,255,203,76,120,102,0,0,0,0,0,0,0,0,0,0,,,,,,,,,,,,,,,,
0.0165083990199264,212,8,57,4,6,4,242,100,128,132,,,,,,,,,,,,,,,,,,,,,,,,,,,,,,,,,,,,,,,,,,,,,,,,,,,,,,,,
0.0182384989172135,219,14,57,14,0,32,63,91,138,32,104,129,131,26,63,39,128,149,104,77,193,22,179,40,29,92,5,3,0,241,255,255,255,255,199,114,22,195,0,0,0,0,0,0,0,0,0,0,0,0,,,,,,,,,,,,,,,,
0.0208326987632006,227,12,65,0,0,8,0,87,49,75,65,70,53,69,57,6,11,8,0,17,17,24,0,0,208,255,,,,,,,,,,,,,,,,,,,,,,,,,,,,,,,,,,,,,,,,
0.0229907986350781,219,13,57,15,0,21,111,126,138,32,255,255,127,207,255,255,63,255,255,255,255,255,255,199,142,182,111,0,0,0,0,0,0,0,,,,,,,,,,,,,,,,,,,,,,,,,,,,,,,,
0.0235629986011077,220,13,57,16,0,22,222,199,110,14,154,1,0,35,152,53,44,0,0,0,0,0,255,255,198,223,173,90,0,0,0,0,0,0,,,,,,,,,,,,,,,,,,,,,,,,,,,,,,,,
0.0335544980079305,417436816,15,2,132,0,100,100,100,1,0,5,39,85,2,3,0,0,0,0,0,0,0,15,1,19,1,193,4,193,4,185,4,2,0,255,255,0,0,78,20,199,5,117,5,132,19,0,0,3,2,121,8,128,12,93,15,237,11,19,17,0,21,5,21,0,0
0.0353997978983784,217,13,57,19,0,21,45,125,110,9,160,105,13,211,15,18,56,240,255,255,255,255,255,200,78,30,12,0,0,0,0,0,0,0,,,,,,,,,,,,,,,,,,,,,,,,,,,,,,,,
0.0357770978759788,45,14,120,80,119,4,196,9,0,144,112,151,88,98,70,82,117,43,152,224,48,255,255,255,127,64,2,210,53,255,255,255,255,0,254,255,205,68,211,103,0,0,0,0,0,0,0,0,0,0,,,,,,,,,,,,,,,,
0.0362973978450896,227,14,65,0,5,8,0,128,3,67,208,3,204,237,57,4,34,8,0,61,134,126,120,15,250,255,65,0,0,8,1,66,49,80,82,49,49,56,0,0,0,0,0,0,0,0,0,0,0,0,,,,,,,,,,,,,,,,
0.0382665977281818,219,14,57,254,11,8,97,0,0,0,1,0,0,0,57,14,0,32,100,206,139,32,104,129,131,26,63,39,128,149,104,77,193,22,179,40,29,92,6,3,0,241,255,255,255,255,201,250,41,190,,,,,,,,,,,,,,,,
0.0408317975758905,212,14,57,4,12,5,14,15,244,255,255,57,21,1,20,68,249,145,229,248,95,245,255,255,255,255,254,7,0,161,40,117,254,255,255,0,0,0,0,0,0,0,0,0,0,0,0,0,0,0,,,,,,,,,,,,,,,,
0.0429468974503209,219,13,57,15,0,21,141,110,139,32,255,255,127,207,255,255,63,255,255,255,255,255,255,201,163,150,174,0,0,0,0,0,0,0,,,,,,,,,,,,,,,,,,,,,,,,,,,,,,,,
0.0436100974109479,220,14,57,16,1,16,85,67,64,0,85,16,225,66,233,156,18,32,149,192,255,245,57,16,0,22,250,111,111,14,154,1,0,35,152,53,44,0,0,0,0,0,255,255,200,255,58,249,0,0,,,,,,,,,,,,,,,,
0.00290879982730985,417436816,15,4,83,1,85,1,14,0,62,48,237,12,110,13,34,1,125,1,8,3,1,1,1,1,1,0,0,0,0,0,0,0,0,0,0,0,0,0,0,0,0,0,0,0,0,0,0,0,0,0,0,0,0,0,0,0,0,19,17,0,21,5,21,0,0
0.00512999969544126,45,14,96,48,92,4,196,9,0,144,112,151,88,98,70,82,117,43,152,224,48,255,255,255,127,64,2,210,53,255,255,255,255,0,254,255,151,24,213,220,0,0,0,0,0,0,0,0,0,0,,,,,,,,,,,,,,,,
0.00565139966448669,227,8,0,128,0,4,170,68,53,0,,,,,,,,,,,,,,,,,,,,,,,,,,,,,,,,,,,,,,,,,,,,,,,,,,,,,,,,
0.00613369963585342,217,13,57,19,0,21,241,210,83,9,160,105,77,210,15,18,56,240,255,255,255,255,255,146,73,187,118,0,0,0,0,0,0,0,,,,,,,,,,,,,,,,,,,,,,,,,,,,,,,,
0.00766489954494887,219,14,57,14,0,32,184,179,112,32,104,129,131,26,63,39,128,85,104,77,193,22,179,40,29,92,6,3,0,241,255,255,255,255,147,177,216,13,0,0,0,0,0,0,0,0,0,0,0,0,,,,,,,,,,,,,,,,
0.012353099266619,219,13,57,15,0,21,180,114,112,32,255,255,127,207,255,255,63,255,255,255,255,255,255,147,222,23,76,0,0,0,0,0,0,0,,,,,,,,,,,,,,,,,,,,,,,,,,,,,,,,
0.0129692992300363,220,13,57,16,0,22,44,243,84,14,154,1,0,35,152,53,44,0,0,0,0,0,255,255,146,162,249,224,0,0,0,0,0,0,,,,,,,,,,,,,,,,,,,,,,,,,,,,,,,,
0.0151414991010768,212,10,57,12,20,12,255,255,255,255,253,255,255,255,255,255,255,255,,,,,,,,,,,,,,,,,,,,,,,,,,,,,,,,,,,,,,,,,,,,,,,,
0.01538079908687,227,8,58,2,0,4,244,255,255,255,,,,,,,,,,,,,,,,,,,,,,,,,,,,,,,,,,,,,,,,,,,,,,,,,,,,,,,,
0.0248666985237094,217,14,57,19,1,11,88,186,136,85,149,0,254,3,186,255,239,57,19,0,21,47,79,84,9,160,105,141,210,15,18,56,240,255,255,255,255,255,148,38,245,17,0,0,0,0,0,0,0,0,,,,,,,,,,,,,,,,
0.0253789984932951,45,14,117,26,93,4,196,9,0,144,112,151,88,98,70,82,117,43,136,224,48,255,255,255,127,64,2,210,53,255,255,255,255,0,254,255,153,89,49,40,0,0,0,0,0,0,0,0,0,0,,,,,,,,,,,,,,,,
0.0258982984624652,212,8,57,4,6,4,160,229,123,132,,,,,,,,,,,,,,,,,,,,,,,,,,,,,,,,,,,,,,,,,,,,,,,,,,,,,,,,
0.0276524983583215,219,14,57,14,0,32,145,196,113,32,104,129,131,26,63,39,128,149,104,77,193,22,179,40,29,92,6,3,0,241,255,255,255,255,149,238,255,138,0,0,0,0,0,0,0,0,0,0,0,0,,,,,,,,,,,,,,,,
0.0324117980757705,219,13,57,15,0,21,86,98,113,32,255,255,127,207,255,255,63,255,255,255,255,255,255,149,245,153,245,0,0,0,0,0,0,0,,,,,,,,,,,,,,,,,,,,,,,,,,,,,,,,
0.0329028980466148,220,13,57,16,0,22,61,246,85,14,154,1,0,35,156,53,44,0,0,0,0,0,255,255,148,8,50,218,0,0,0,0,0,0,,,,,,,,,,,,,,,,,,,,,,,,,,,,,,,,
0.0332862980238531,417436816,15,0,0,0,1,85,85,85,85,5,104,6,216,3,0,0,239,1,103,1,59,2,141,0,0,131,1,143,1,0,0,233,8,227,8,0,0,85,84,81,16,1,16,1,199,1,147,1,112,1,79,1,85,85,81,60,3,19,17,0,21,5,21,0,0
0.0350944979165035,227,9,57,6,11,8,0,17,17,24,0,0,208,255,,,,,,,,,,,,,,,,,,,,,,,,,,,,,,,,,,,,,,,,,,,,,,,,,,,,
0.0448583973368386,217,13,57,19,0,21,24,233,85,9,160,105,13,211,15,18,56,240,255,255,255,255,255,150,107,58,24,0,0,0,0,0,0,0,,,,,,,,,,,,,,,,,,,,,,,,,,,,,,,,
0.045232597314623,45,14,94,34,94,4,196,9,0,144,112,151,88,98,70,82,117,43,152,224,48,255,255,255,127,64,2,210,53,255,255,255,255,0,254,255,155,239,80,51,0,0,0,0,0,0,0,0,0,0,,,,,,,,,,,,,,,,
0.0457529972837278,212,12,57,254,29,8,89,64,178,8,64,2,0,0,57,4,12,5,14,15,244,255,255,0,0,0,,,,,,,,,,,,,,,,,,,,,,,,,,,,,,,,,,,,,,,,
0.0460612972654246,227,15,65,0,5,8,0,128,3,67,208,3,154,173,57,4,34,8,0,61,135,126,120,31,250,255,57,128,0,12,0,127,130,143,26,48,176,254,157,73,140,98,5,0,0,12,245,252,255,0,0,0,0,0,157,4,136,161,0,0,0,0,0,0,0,0
0.0476773971694797,219,14,57,14,0,32,45,169,114,32,104,129,131,26,63,39,128,149,104,77,193,22,179,40,29,92,6,3,0,241,255,255,255,255,151,225,141,46,0,0,0,0,0,0,0,0,0,0,0,0,,,,,,,,,,,,,,,,
0.00766039954521602,219,14,57,14,2,42,62,0,71,0,101,10,0,130,28,200,1,0,71,64,62,73,224,209,108,194,77,133,227,141,144,130,248,71,206,67,6,136,103,233,255,255,255,255,103,80,150,90,0,0,,,,,,,,,,,,,,,,
0.0101607993967718,217,13,57,19,0,21,219,156,61,9,160,105,141,210,15,18,56,240,255,255,255,255,255,102,42,141,166,0,0,0,0,0,0,0,,,,,,,,,,,,,,,,,,,,,,,,,,,,,,,,
0.0105369993744375,45,14,92,216,70,4,196,9,0,144,112,151,88,98,70,82,117,43,136,224,48,255,255,255,127,64,2,210,53,255,255,255,255,0,254,255,107,10,51,132,0,0,0,0,0,0,0,0,0,0,,,,,,,,,,,,,,,,
0.0110563993436017,227,12,65,0,5,8,1,61,55,240,239,190,47,217,65,0,0,8,2,52,57,55,105,235,84,42,,,,,,,,,,,,,,,,,,,,,,,,,,,,,,,,,,,,,,,,
0.0130074992277684,219,13,57,14,1,15,196,53,255,255,255,255,255,255,255,223,211,8,188,253,255,57,14,3,8,158,203,105,248,255,255,255,255,0,,,,,,,,,,,,,,,,,,,,,,,,,,,,,,,,
0.0177607989455737,219,15,57,14,0,32,145,43,90,32,104,129,131,26,63,38,128,149,104,77,193,22,179,40,29,92,5,3,0,241,255,255,255,255,104,178,19,195,57,15,0,21,98,232,90,32,255,255,127,207,255,255,63,255,255,255,255,255,255,104,60,62,23,0,0,0
0.0184168989066222,220,13,57,16,0,22,252,104,62,14,154,1,0,35,152,53,44,0,0,0,0,0,255,255,103,85,87,18,0,0,0,0,0,0,,,,,,,,,,,,,,,,,,,,,,,,,,,,,,,,
0.0275938983618005,219,13,57,14,4,16,92,227,11,76,36,180,219,255,63,174,108,121,235,255,255,255,57,15,1,6,77,133,4,96,180,25,0,0,,,,,,,,,,,,,,,,,,,,,,,,,,,,,,,,
0.0283530983167282,417436816,15,0,0,0,1,85,85,85,85,5,104,6,216,3,0,0,239,1,103,1,59,2,141,0,0,133,1,144,1,0,0,239,8,231,8,0,0,85,84,81,16,1,16,1,198,1,147,1,113,1,78,1,85,85,81,63,3,19,17,0,21,5,21,0,0
0.0303434981985617,217,13,57,19,0,21,141,66,62,9,160,105,77,210,15,18,56,240,255,255,255,255,255,105,130,210,12,0,0,0,0,0,0,0,,,,,,,,,,,,,,,,,,,,,,,,,,,,,,,,
0.03072369817599,45,14,67,209,71,4,196,9,0,144,112,151,88,98,70,82,117,43,136,224,48,255,255,255,127,64,2,210,53,255,255,255,255,0,254,255,109,26,209,141,0,0,0,0,0,0,0,0,0,0,,,,,,,,,,,,,,,,
0.0329738980423997,219,14,57,14,0,32,78,137,91,32,104,129,131,26,63,39,128,85,104,77,193,22,179,40,29,92,5,3,0,241,255,255,255,255,106,171,178,249,0,0,0,0,0,0,0,0,0,0,0,0,,,,,,,,,,,,,,,,
0.0347589979364216,68,1,4,,,,,,,,,,,,,,,,,,,,,,,,,,,,,,,,,,,,,,,,,,,,,,,,,,,,,,,,,,,,,,,
0.0356613978828477,227,9,65,0,0,8,3,128,41,199,191,113,0,0,,,,,,,,,,,,,,,,,,,,,,,,,,,,,,,,,,,,,,,,,,,,,,,,,,,,
0.0376934977622057,219,13,57,15,0,21,128,248,91,32,255,255,127,207,255,255,63,255,255,255,255,255,255,106,122,27,180,0,0,0,0,0,0,0,,,,,,,,,,,,,,,,,,,,,,,,,,,,,,,,
0.038298697726276,220,13,57,16,0,22,216,192,63,14,154,1,0,35,152,53,44,0,0,0,0,0,255,255,105,202,188,82,0,0,0,0,0,0,,,,,,,,,,,,,,,,,,,,,,,,,,,,,,,,
0.00194999988423206,212,10,57,12,20,12,255,255,255,255,253,255,255,255,255,255,255,255,,,,,,,,,,,,,,,,,,,,,,,,,,,,,,,,,,,,,,,,,,,,,,,,
0.00218929987002525,227,8,58,2,0,4,244,255,255,255,,,,,,,,,,,,,,,,,,,,,,,,,,,,,,,,,,,,,,,,,,,,,,,,,,,,,,,,
0.0116051993110204,217,14,57,19,1,11,88,186,136,85,149,0,254,3,186,255,239,57,19,0,21,193,46,34,9,160,105,205,211,15,18,56,240,255,255,255,255,255,48,125,243,174,0,0,0,0,0,0,0,0,,,,,,,,,,,,,,,,
0.0121193992804933,45,14,142,202,43,4,196,9,0,144,112,151,88,98,70,82,117,43,152,224,48,255,255,255,127,64,2,210,53,255,255,255,255,0,254,255,53,165,187,65,0,0,0,0,0,0,0,0,0,0,,,,,,,,,,,,,,,,
0.0126387992496575,212,8,57,4,6,4,11,141,113,132,,,,,,,,,,,,,,,,,,,,,,,,,,,,,,,,,,,,,,,,,,,,,,,,,,,,,,,,
0.0144668991411265,219,14,57,14,0,32,65,159,63,32,104,129,131,26,63,39,128,149,104,77,193,22,179,40,29,92,6,3,0,241,255,255,255,255,49,177,140,114,0,0,0,0,0,0,0,0,0,0,0,0,,,,,,,,,,,,,,,,
0.019176198861544,219,13,57,15,0,21,14,255,63,32,255,255,127,207,255,255,63,255,255,255,255,255,255,49,38,85,100,0,0,0,0,0,0,0,,,,,,,,,,,,,,,,,,,,,,,,,,,,,,,,
0.019562398838616,220,13,57,16,0,22,133,114,35,14,154,1,0,35,152,53,44,0,0,0,0,0,255,255,48,240,2,189,0,0,0,0,0,0,,,,,,,,,,,,,,,,,,,,,,,,,,,,,,,,
0.0218815987009293,227,9,57,6,11,8,0,17,17,24,0,0,208,255,,,,,,,,,,,,,,,,,,,,,,,,,,,,,,,,,,,,,,,,,,,,,,,,,,,,
0.0296008982426486,417436816,15,2,132,0,100,100,100,1,0,5,39,86,2,3,0,0,0,0,0,0,0,15,1,19,1,193,4,193,4,190,4,2,0,253,255,0,0,77,20,197,5,118,5,127,19,0,0,3,2,122,8,128,12,118,15,237,11,19,17,0,21,5,21,0,0
0.0316001981239538,217,13,57,19,0,21,83,209,35,9,160,105,13,211,15,18,56,240,255,255,255,255,255,50,220,74,102,0,0,0,0,0,0,0,,,,,,,,,,,,,,,,,,,,,,,,,,,,,,,,
0.0319744981017323,45,14,211,245,44,4,196,9,0,144,112,151,88,98,70,82,117,43,152,224,48,255,255,255,127,64,2,210,53,255,255,255,255,0,254,255,55,81,23,93,0,0,0,0,0,0,0,0,0,0,,,,,,,,,,,,,,,,
0.0324937980709024,212,12,57,254,29,8,89,64,178,8,64,2,0,0,57,4,12,5,14,15,244,255,255,0,0,0,,,,,,,,,,,,,,,,,,,,,,,,,,,,,,,,,,,,,,,,
0.0328021980525932,227,15,65,0,5,8,0,128,3,67,208,3,54,233,57,4,34,8,0,61,135,126,120,31,250,255,57,128,0,12,0,127,160,143,26,48,176,254,57,1,122,13,5,0,0,12,245,252,255,0,0,0,0,0,57,101,3,152,0,0,0,0,0,0,0,0
0.0344912979523144,219,14,57,14,0,32,3,91,64,32,104,129,131,26,63,39,128,149,104,77,193,22,179,40,29,92,6,3,0,241,255,255,255,255,51,154,235,173,0,0,0,0,0,0,0,0,0,0,0,0,,,,,,,,,,,,,,,,
0.0392155976718414,219,13,57,15,0,21,183,80,64,32,255,255,127,207,255,255,63,255,255,255,255,255,255,51,34,183,96,0,0,0,0,0,0,0,,,,,,,,,,,,,,,,,,,,,,,,,,,,,,,,
0.0396626976452978,220,14,57,16,1,16,85,67,64,48,85,16,105,6,232,156,18,32,149,192,255,241,57,16,0,22,26,26,36,14,154,1,0,35,152,53,44,0,0,0,0,0,255,255,50,53,181,172,0,0,,,,,,,,,,,,,,,,
0.00804839952218117,217,13,57,19,0,21,166,150,10,9,160,105,205,210,15,18,56,240,255,255,255,255,255,0,58,245,229,0,0,0,0,0,0,0,,,,,,,,,,,,,,,,,,,,,,,,,,,,,,,,
0.00856459949153532,45,14,71,32,19,4,196,9,0,144,112,151,88,98,70,82,117,43,152,224,48,255,255,255,127,64,2,210,53,255,255,255,255,0,254,255,5,88,81,38,0,0,0,0,0,0,0,0,0,0,,,,,,,,,,,,,,,,
0.00908599946058075,227,14,65,0,5,8,0,128,3,67,208,3,4,102,57,4,34,8,0,61,134,126,120,15,250,255,65,0,0,8,1,66,49,80,82,49,49,56,0,0,0,0,0,0,0,0,0,0,0,0,,,,,,,,,,,,,,,,
0.0110830993420166,219,14,57,254,11,8,97,0,0,0,1,0,0,0,57,14,0,32,194,194,39,32,104,129,131,26,63,39,128,149,104,77,193,22,179,40,29,92,6,3,0,241,255,255,255,255,1,92,253,239,,,,,,,,,,,,,,,,
0.0136472991897847,212,14,57,4,12,5,14,15,244,255,255,57,21,1,20,68,249,145,225,248,95,245,255,255,255,255,254,7,0,161,40,117,254,255,255,0,0,0,0,0,0,0,0,0,0,0,0,0,0,0,,,,,,,,,,,,,,,,
0.0157643990640963,219,13,57,15,0,21,31,102,39,32,255,255,127,207,255,255,63,255,255,255,255,255,255,1,88,103,144,0,0,0,0,0,0,0,,,,,,,,,,,,,,,,,,,,,,,,,,,,,,,,
0.016208599037725,220,14,57,16,1,16,85,67,64,56,85,16,65,70,233,156,18,32,149,192,255,241,57,16,0,22,20,37,11,14,154,1,0,35,152,53,44,0,0,0,0,0,255,255,0,58,74,226,0,0,,,,,,,,,,,,,,,,
0.0257825984693341,219,14,57,14,2,42,62,0,71,0,101,10,0,130,28,200,1,0,71,64,62,73,224,209,108,194,77,133,227,141,144,130,248,71,206,67,6,136,103,233,255,255,255,255,2,124,75,238,0,0,,,,,,,,,,,,,,,,
0.026293798438985,417436816,15,1,229,1,102,13,124,1,128,12,241,0,188,2,6,6,32,3,0,0,64,31,1,71,1,172,13,233,6,1,32,3,72,14,1,251,6,132,12,0,0,1,1,0,0,228,55,208,7,172,13,64,31,12,47,4,87,19,17,0,21,5,21,0,0
0.0284151983130414,217,13,57,19,0,21,65,106,11,9,160,105,13,211,15,18,56,240,255,255,255,255,255,2,65,139,158,0,0,0,0,0,0,0,,,,,,,,,,,,,,,,,,,,,,,,,,,,,,,,
0.0287933982905884,45,14,26,31,20,4,196,9,0,144,112,151,88,98,70,82,117,43,152,224,48,255,255,255,127,64,2,210,53,255,255,255,255,0,254,255,7,182,213,229,0,0,0,0,0,0,0,0,0,0,,,,,,,,,,,,,,,,
0.0293146982596397,227,12,65,0,5,8,1,154,197,77,1,163,1,43,65,0,0,8,2,52,57,55,5,118,47,70,,,,,,,,,,,,,,,,,,,,,,,,,,,,,,,,,,,,,,,,
0.0310788981549024,219,13,57,14,1,15,216,53,255,255,255,255,255,255,255,223,211,8,188,253,255,57,14,3,8,77,140,104,248,255,255,255,255,0,,,,,,,,,,,,,,,,,,,,,,,,,,,,,,,,
0.0358310978727729,219,15,57,14,0,32,175,9,40,32,104,129,131,26,63,39,128,149,104,77,193,22,179,40,29,92,6,3,0,241,255,255,255,255,3,72,59,116,57,15,0,21,161,147,40,32,255,255,127,207,255,255,63,255,255,255,255,255,255,4,46,108,179,0,0,0
0.0364882978337562,220,13,57,16,0,22,139,77,12,14,154,1,0,35,152,53,44,0,0,0,0,0,255,255,2,64,123,101,0,0,0,0,0,0,,,,,,,,,,,,,,,,,,,,,,,,,,,,,,,,
0.0456643972889879,219,13,57,14,4,16,92,227,11,76,36,180,219,255,63,174,108,121,235,255,255,255,57,15,1,6,77,133,4,96,152,25,0,0,,,,,,,,,,,,,,,,,,,,,,,,,,,,,,,,
0.0484277971249298,217,13,57,19,0,21,239,24,12,9,160,105,13,211,15,18,56,240,255,255,255,255,255,5,255,72,150,0,0,0,0,0,0,0,,,,,,,,,,,,,,,,,,,,,,,,,,,,,,,,
0.0488059971024768,45,14,5,22,21,4,196,9,0,144,112,151,88,98,70,82,117,43,152,224,48,255,255,255,127,64,2,210,53,255,255,255,255,0,254,255,9,92,184,71,0,0,0,0,0,0,0,0,0,0,,,,,,,,,,,,,,,,
0.00278359983474274,219,13,57,15,0,21,43,236,12,32,255,255,127,207,255,255,63,255,255,255,255,255,255,203,236,141,46,0,0,0,0,0,0,0,,,,,,,,,,,,,,,,,,,,,,,,,,,,,,,,
0.00317179981169602,220,13,57,16,0,22,155,61,240,14,154,1,0,35,152,53,44,0,0,0,0,0,255,255,202,200,42,227,0,0,0,0,0,0,,,,,,,,,,,,,,,,,,,,,,,,,,,,,,,,
0.00557199966920052,212,10,57,12,20,12,255,255,255,255,253,255,255,255,255,255,255,255,,,,,,,,,,,,,,,,,,,,,,,,,,,,,,,,,,,,,,,,,,,,,,,,
0.00581139965498778,227,8,58,2,0,4,244,255,255,255,,,,,,,,,,,,,,,,,,,,,,,,,,,,,,,,,,,,,,,,,,,,,,,,,,,,,,,,
0.0130706992240164,417436816,15,3,105,6,189,22,97,210,14,14,15,14,29,0,244,0,240,0,0,0,2,1,2,1,0,0,239,1,239,1,0,0,0,0,4,2,1,16,0,172,13,14,14,12,14,30,0,148,217,5,100,22,215,12,132,28,0,19,17,0,21,5,21,0,0
0.0151159991025906,217,14,57,19,1,11,88,186,136,85,149,0,254,3,186,255,239,57,19,0,21,232,139,240,10,160,105,141,206,15,18,64,240,255,255,255,255,255,204,72,58,231,0,0,0,0,0,0,0,0,,,,,,,,,,,,,,,,
0.0156312990719982,45,14,198,225,249,4,196,9,0,144,112,151,88,98,70,82,117,43,152,224,48,255,255,255,127,64,2,210,53,255,255,255,255,0,254,255,209,148,154,15,0,0,0,0,0,0,0,0,0,0,,,,,,,,,,,,,,,,
0.0161545990409309,212,8,57,4,6,4,53,177,103,132,,,,,,,,,,,,,,,,,,,,,,,,,,,,,,,,,,,,,,,,,,,,,,,,,,,,,,,,
0.0180337989293662,219,14,57,14,0,32,36,235,13,32,104,129,131,26,63,38,128,85,104,77,193,22,179,40,29,92,6,3,0,241,255,255,255,255,205,233,173,163,0,0,0,0,0,0,0,0,0,0,0,0,,,,,,,,,,,,,,,,
0.0227450986496649,219,13,57,15,0,21,201,252,13,32,255,255,127,207,255,255,63,255,255,255,255,255,255,205,142,47,185,0,0,0,0,0,0,0,,,,,,,,,,,,,,,,,,,,,,,,,,,,,,,,
0.0231331986266241,220,13,57,16,0,22,191,149,241,14,154,1,0,35,152,53,44,0,0,0,0,0,255,255,204,136,134,121,0,0,0,0,0,0,,,,,,,,,,,,,,,,,,,,,,,,,,,,,,,,
0.0254363984898873,227,9,57,6,11,8,0,17,17,24,0,0,208,255,,,,,,,,,,,,,,,,,,,,,,,,,,,,,,,,,,,,,,,,,,,,,,,,,,,,
0.0349942979224522,217,13,57,19,0,21,122,116,241,10,160,105,77,206,15,18,64,240,255,255,255,255,255,206,68,30,100,0,0,0,0,0,0,0,,,,,,,,,,,,,,,,,,,,,,,,,,,,,,,,
0.0355094978918657,45,14,237,217,250,4,196,9,0,144,112,151,88,98,70,82,117,43,136,224,48,255,255,255,127,64,2,210,53,255,255,255,255,0,254,255,211,207,149,78,0,0,0,0,0,0,0,0,0,0,,,,,,,,,,,,,,,,
0.0360318978608518,212,12,57,254,29,8,89,64,178,8,64,2,0,0,57,4,12,5,14,15,244,255,255,0,0,0,,,,,,,,,,,,,,,,,,,,,,,,,,,,,,,,,,,,,,,,
0.0363402978425427,227,15,65,0,5,8,0,128,3,67,208,2,210,83,57,4,34,8,0,61,135,126,120,31,250,255,57,128,0,12,0,127,160,143,26,48,176,254,213,214,215,66,5,0,0,12,245,252,255,0,0,0,0,0,213,117,120,223,0,0,0,0,0,0,0,0
0.0380603977404235,219,14,57,14,0,32,87,55,14,32,104,129,131,26,63,38,128,85,104,77,193,22,179,40,29,92,5,3,0,241,255,255,255,255,207,0,165,136,0,0,0,0,0,0,0,0,0,0,0,0,,,,,,,,,,,,,,,,
0.0427326974630375,219,13,57,15,0,21,239,205,14,32,255,255,127,207,255,255,63,255,255,255,255,255,255,207,112,35,219,0,0,0,0,0,0,0,,,,,,,,,,,,,,,,,,,,,,,,,,,,,,,,
0.0431198974400502,220,14,57,16,1,16,85,67,64,57,85,16,25,22,233,156,18,32,149,192,255,245,57,16,0,22,242,125,242,14,154,1,0,35,152,53,44,0,0,0,0,0,255,255,206,135,24,54,0,0,,,,,,,,,,,,,,,,
0.043637197409339,417436816,15,4,90,1,85,1,15,0,72,48,234,12,109,13,34,1,125,1,8,3,1,1,1,1,1,0,0,0,0,0,0,0,0,0,0,0,0,0,0,0,0,0,0,0,0,0,0,0,0,0,0,0,0,0,0,0,0,19,17,0,21,5,21,0,0
0.00124879992586102,417436816,15,3,104,6,185,22,106,210,16,14,17,14,29,0,237,0,245,0,0,0,2,1,2,1,0,0,239,1,239,1,0,0,0,0,4,2,1,16,0,172,13,14,14,14,14,29,0,148,217,5,105,22,209,12,132,28,0,19,17,0,21,5,21,0,0
0.00326019980644787,217,14,57,19,1,11,88,186,136,85,149,0,254,3,186,255,239,57,19,0,21,94,121,210,10,160,105,77,206,15,18,64,240,255,255,255,255,255,145,45,93,53,0,0,0,0,0,0,0,0,,,,,,,,,,,,,,,,
0.00377339977598012,45,14,51,227,219,4,196,9,0,144,112,151,88,98,70,82,117,43,136,224,48,255,255,255,127,64,2,210,53,255,255,255,255,0,254,255,148,25,72,136,0,0,0,0,0,0,0,0,0,0,,,,,,,,,,,,,,,,
0.00429479974502556,212,8,57,4,6,4,172,150,97,132,,,,,,,,,,,,,,,,,,,,,,,,,,,,,,,,,,,,,,,,,,,,,,,,,,,,,,,,
0.00622589963037967,219,14,57,14,0,32,239,239,239,32,104,129,131,26,63,38,128,149,104,77,193,22,179,40,29,92,6,3,0,241,255,255,255,255,145,81,59,15,0,0,0,0,0,0,0,0,0,0,0,0,,,,,,,,,,,,,,,,
0.0109341993508565,219,13,57,15,0,21,3,105,239,32,255,255,127,207,255,255,63,255,255,255,255,255,255,145,13,165,143,0,0,0,0,0,0,0,,,,,,,,,,,,,,,,,,,,,,,,,,,,,,,,
0.0113203993279285,220,13,57,16,0,22,194,147,211,14,154,1,0,35,152,53,44,0,0,0,0,0,255,255,145,118,111,78,0,0,0,0,0,0,,,,,,,,,,,,,,,,,,,,,,,,,,,,,,,,
0.0117014993053033,540,15,34,0,0,0,0,0,0,0,0,0,0,0,0,0,0,0,0,0,0,0,0,0,0,0,0,0,0,0,0,0,0,0,0,0,0,0,0,0,0,0,0,0,0,0,0,0,0,0,0,0,0,0,0,0,0,0,0,0,0,0,0,0,0,0
0.0136236991911858,227,9,57,6,11,8,0,17,17,24,0,0,208,255,,,,,,,,,,,,,,,,,,,,,,,,,,,,,,,,,,,,,,,,,,,,,,,,,,,,
0.0211629987435913,14420194,8,64,2,0,0,0,0,0,0,,,,,,,,,,,,,,,,,,,,,,,,,,,,,,,,,,,,,,,,,,,,,,,,,,,,,,,,
0.0231374986263688,217,13,57,19,0,21,188,105,211,10,160,105,77,206,15,18,64,240,255,255,255,255,255,147,153,146,188,0,0,0,0,0,0,0,,,,,,,,,,,,,,,,,,,,,,,,,,,,,,,,
0.0237046985926952,227,15,65,0,5,8,0,128,3,67,208,2,149,7,57,4,34,8,0,61,135,126,120,15,250,255,57,128,0,12,0,255,129,143,26,48,176,254,153,114,205,175,50,4,0,12,206,60,95,83,103,7,0,240,150,178,143,111,0,0,0,0,0,0,0,0
0.024358098553904,45,14,100,255,220,4,196,9,0,144,112,151,88,98,70,82,117,43,152,224,48,255,255,255,127,64,2,210,53,255,255,255,255,0,254,255,150,98,254,95,0,0,0,0,0,0,0,0,0,0,,,,,,,,,,,,,,,,
0.0262531984413954,219,14,57,14,0,32,61,30,240,32,104,129,131,26,63,38,128,85,104,77,193,22,179,40,29,92,6,3,0,241,255,255,255,255,147,4,83,209,0,0,0,0,0,0,0,0,0,0,0,0,,,,,,,,,,,,,,,,
0.0288053982898759,212,9,57,4,12,5,14,15,244,255,255,0,0,0,,,,,,,,,,,,,,,,,,,,,,,,,,,,,,,,,,,,,,,,,,,,,,,,,,,,
0.0290047982780379,227,10,5,0,0,12,245,252,255,0,0,0,0,0,153,147,247,92,,,,,,,,,,,,,,,,,,,,,,,,,,,,,,,,,,,,,,,,,,,,,,,,
0.0309318981636295,219,13,57,15,0,21,188,130,240,32,255,255,127,207,255,255,63,255,255,255,255,255,255,147,115,60,231,0,0,0,0,0,0,0,,,,,,,,,,,,,,,,,,,,,,,,,,,,,,,,
0.0313190981406422,220,14,57,16,1,16,85,67,64,0,85,16,233,70,233,156,18,32,149,192,255,245,57,16,0,22,93,251,212,14,154,1,0,35,152,53,44,0,0,0,0,0,255,255,147,142,154,110,0,0,,,,,,,,,,,,,,,,
0.0318354981099844,417436816,15,4,85,1,83,1,15,0,62,48,235,12,109,13,34,1,125,1,8,3,1,1,1,1,1,0,0,0,0,0,0,0,0,0,0,0,0,0,0,0,0,0,0,0,0,0,0,0,0,0,0,0,0,0,0,0,0,19,17,0,21,5,21,0,0
0.0409034975716338,540,15,35,0,0,0,0,0,0,0,0,0,0,0,0,0,0,0,0,0,0,0,0,0,0,0,0,0,0,0,0,0,0,0,0,0,0,0,0,0,0,0,0,0,0,0,0,0,0,0,0,0,0,0,0,0,0,0,0,0,0,0,0,0,0,0
0.0431758974367256,217,13,57,19,0,21,141,30,212,10,160,105,77,205,15,18,64,240,255,255,255,255,255,149,65,24,22,0,0,0,0,0,0,0,,,,,,,,,,,,,,,,,,,,,,,,,,,,,,,,
0.0437061974052426,45,14,113,213,221,4,196,9,0,144,112,151,88,98,70,82,117,43,136,224,48,255,255,255,127,64,2,210,53,255,255,255,255,0,254,255,153,210,210,193,0,0,0,0,0,0,0,0,0,0,,,,,,,,,,,,,,,,
0.0442254973744127,227,9,65,0,5,8,1,13,229,194,169,125,177,231,,,,,,,,,,,,,,,,,,,,,,,,,,,,,,,,,,,,,,,,,,,,,,,,,,,,
0.046240697254774,219,15,57,14,1,15,204,53,255,255,255,255,255,255,255,223,211,8,188,253,255,57,14,0,32,219,216,241,32,104,129,131,26,63,38,128,149,104,77,193,22,179,40,29,92,5,3,0,241,255,255,255,255,149,223,159,131,0,0,0,0,0,0,0,0,0
0.0081585995156388,217,13,57,19,0,21,235,50,188,10,160,105,141,205,15,18,64,240,255,255,255,255,255,100,7,235,71,0,0,0,0,0,0,0,,,,,,,,,,,,,,,,,,,,,,,,,,,,,,,,
0.00853679949318575,45,14,115,47,197,4,196,9,0,144,112,151,88,98,70,82,117,43,152,224,48,255,255,255,127,64,2,210,53,255,255,255,255,0,254,255,105,11,10,172,0,0,0,0,0,0,0,0,0,0,,,,,,,,,,,,,,,,
0.0110048993466592,219,14,57,15,1,6,77,133,4,96,180,25,57,14,0,32,145,143,217,32,104,129,131,26,63,38,128,149,104,77,193,22,179,40,29,92,6,3,0,241,255,255,255,255,101,44,16,28,0,0,,,,,,,,,,,,,,,,
0.012755099242753,68,1,4,,,,,,,,,,,,,,,,,,,,,,,,,,,,,,,,,,,,,,,,,,,,,,,,,,,,,,,,,,,,,,,
0.0157051990676109,219,13,57,15,0,21,76,41,217,32,255,255,127,207,255,255,63,255,255,255,255,255,255,101,101,175,14,0,0,0,0,0,0,0,,,,,,,,,,,,,,,,,,,,,,,,,,,,,,,,
0.0160893990448017,220,13,57,16,0,22,192,136,189,14,154,1,0,35,152,53,44,0,0,0,0,0,255,255,100,23,199,129,0,0,0,0,0,0,,,,,,,,,,,,,,,,,,,,,,,,,,,,,,,,
0.0259667984583984,417436816,15,4,85,1,85,1,15,0,72,48,238,12,109,13,34,1,125,1,8,3,1,1,1,1,1,0,0,0,0,0,0,0,0,0,0,0,0,0,0,0,0,0,0,0,0,0,0,0,0,0,0,0,0,0,0,0,0,19,17,0,21,5,21,0,0
0.028480998309135,45,14,82,52,198,4,196,9,0,144,112,151,88,98,70,82,117,43,152,224,48,255,255,255,127,64,2,210,53,255,255,255,255,0,254,255,107,183,60,23,0,0,0,0,0,0,0,0,0,0,,,,,,,,,,,,,,,,
0.0290003982782991,217,13,57,19,0,21,93,101,189,11,160,105,77,205,15,18,64,240,255,255,255,255,255,102,211,41,112,0,0,0,0,0,0,0,,,,,,,,,,,,,,,,,,,,,,,,,,,,,,,,
0.0293755982560242,227,8,0,128,0,4,140,158,23,0,,,,,,,,,,,,,,,,,,,,,,,,,,,,,,,,,,,,,,,,,,,,,,,,,,,,,,,,
0.0310336981575858,219,14,57,14,0,32,226,83,218,32,104,129,131,26,63,38,128,149,104,77,193,22,179,40,29,92,5,3,0,241,255,255,255,255,103,202,36,91,0,0,0,0,0,0,0,0,0,0,0,0,,,,,,,,,,,,,,,,
0.0357069978801405,219,13,57,15,0,21,106,24,218,32,255,255,127,207,255,255,63,255,255,255,255,255,255,103,91,240,210,0,0,0,0,0,0,0,,,,,,,,,,,,,,,,,,,,,,,,,,,,,,,,
0.0360920978572778,220,13,57,16,0,22,141,96,190,14,154,1,0,35,152,53,44,0,0,0,0,0,255,255,102,102,117,134,0,0,0,0,0,0,,,,,,,,,,,,,,,,,,,,,,,,,,,,,,,,
0.0384803977154888,212,10,57,12,20,12,255,255,255,255,253,255,255,255,255,255,255,255,,,,,,,,,,,,,,,,,,,,,,,,,,,,,,,,,,,,,,,,,,,,,,,,
0.038719697701282,227,8,58,2,0,4,244,255,255,255,,,,,,,,,,,,,,,,,,,,,,,,,,,,,,,,,,,,,,,,,,,,,,,,,,,,,,,,
0.047989597150945,217,14,57,19,1,11,88,186,136,85,149,0,254,3,186,255,239,57,19,0,21,219,225,190,11,160,105,205,205,15,18,64,240,255,255,255,255,255,104,43,97,30,0,0,0,0,0,0,0,0,,,,,,,,,,,,,,,,
0.0485047971203585,45,14,77,61,199,4,196,9,0,144,112,151,88,98,70,82,117,43,152,224,48,255,255,255,127,64,2,210,53,255,255,255,255,0,254,255,109,174,47,91,0,0,0,0,0,0,0,0,0,0,,,,,,,,,,,,,,,,
0.049023197089582,212,8,57,4,6,4,119,245,93,132,,,,,,,,,,,,,,,,,,,,,,,,,,,,,,,,,,,,,,,,,,,,,,,,,,,,,,,,
0.000866099948581223,217,13,57,19,0,21,233,14,156,10,160,105,141,205,15,18,64,240,255,255,255,255,255,37,157,52,80,0,0,0,0,0,0,0,,,,,,,,,,,,,,,,,,,,,,,,,,,,,,,,
0.00124239992624098,45,14,58,88,165,4,196,9,0,144,112,151,88,98,70,82,117,43,136,224,48,255,255,255,127,64,2,210,53,255,255,255,255,0,254,255,41,32,177,1,0,0,0,0,0,0,0,0,0,0,,,,,,,,,,,,,,,,
0.00176269989535172,227,12,65,0,5,8,0,128,3,67,208,2,40,0,57,4,34,8,0,61,134,126,120,15,250,255,,,,,,,,,,,,,,,,,,,,,,,,,,,,,,,,,,,,,,,,
0.00369979978034962,219,14,57,14,0,32,1,186,185,32,104,129,131,26,63,38,128,85,104,77,193,22,179,40,29,92,6,3,0,241,255,255,255,255,38,247,229,156,0,0,0,0,0,0,0,0,0,0,0,0,,,,,,,,,,,,,,,,
0.00627209962763686,212,14,57,4,12,5,14,15,244,255,255,57,21,1,20,68,249,145,229,248,95,245,255,255,255,255,254,7,0,161,40,117,254,255,255,0,0,0,0,0,0,0,0,0,0,0,0,0,0,0,,,,,,,,,,,,,,,,
0.00840319950111734,219,13,57,15,0,21,74,109,185,32,255,255,127,207,255,255,63,255,255,255,255,255,255,38,53,108,202,0,0,0,0,0,0,0,,,,,,,,,,,,,,,,,,,,,,,,,,,,,,,,
0.00878729947831403,220,14,57,16,1,16,85,67,64,0,85,16,145,6,232,156,17,32,149,192,255,245,57,16,0,22,212,206,157,14,154,1,0,35,152,53,44,0,0,0,0,0,255,255,37,234,189,234,0,0,,,,,,,,,,,,,,,,
0.020613298776226,217,13,57,19,0,21,123,241,157,10,160,105,77,205,15,18,64,240,255,255,255,255,255,39,64,24,94,0,0,0,0,0,0,0,,,,,,,,,,,,,,,,,,,,,,,,,,,,,,,,
0.0211465987445649,45,14,27,67,166,4,196,9,0,144,112,151,88,98,70,82,117,43,136,224,48,255,255,255,127,64,2,210,53,255,255,255,255,0,254,255,43,203,18,13,0,0,0,0,0,0,0,0,0,0,,,,,,,,,,,,,,,,
0.021665898713735,227,9,65,0,5,8,1,14,92,69,208,145,41,18,,,,,,,,,,,,,,,,,,,,,,,,,,,,,,,,,,,,,,,,,,,,,,,,,,,,
0.0237080985924933,219,15,57,14,1,15,192,53,255,255,255,255,255,255,255,223,211,8,188,253,255,57,14,0,32,114,102,186,32,104,129,131,26,63,38,128,85,104,77,193,22,179,40,29,92,5,3,0,241,255,255,255,255,40,1,75,26,0,0,0,0,0,0,0,0,0
0.0283922983144009,219,13,57,15,0,21,108,92,186,32,255,255,127,207,255,255,63,255,255,255,255,255,255,40,48,41,215,0,0,0,0,0,0,0,,,,,,,,,,,,,,,,,,,,,,,,,,,,,,,,
0.0287784982914729,220,13,57,16,0,22,153,38,158,14,154,1,0,35,152,53,44,0,0,0,0,0,255,255,39,220,69,200,0,0,0,0,0,0,,,,,,,,,,,,,,,,,,,,,,,,,,,,,,,,
0.0291627982686578,417436816,15,3,104,6,194,22,91,210,16,14,16,14,29,0,245,0,239,0,0,0,1,1,1,1,0,0,239,1,239,1,0,0,0,0,3,2,1,16,0,172,13,14,14,15,14,29,0,148,218,5,87,22,210,12,132,28,0,19,17,0,21,5,21,0,0
0.040615797588714,217,13,57,19,0,21,194,197,158,10,160,105,77,206,15,18,64,240,255,255,255,255,255,41,6,219,251,0,0,0,0,0,0,0,,,,,,,,,,,,,,,,,,,,,,,,,,,,,,,,
0.0411120975592496,45,14,4,74,167,4,196,9,0,144,112,151,88,98,70,82,117,43,136,224,48,255,255,255,127,64,2,210,53,255,255,255,255,0,254,255,45,192,60,239,0,0,0,0,0,0,0,0,0,0,,,,,,,,,,,,,,,,
0.0436921974060738,219,14,57,15,1,6,77,133,4,96,152,25,57,14,0,32,230,66,187,32,104,129,131,26,63,38,128,85,104,77,193,22,179,40,29,92,5,3,0,241,255,255,255,255,42,66,84,54,0,0,,,,,,,,,,,,,,,,
0.045441397302227,68,1,4,,,,,,,,,,,,,,,,,,,,,,,,,,,,,,,,,,,,,,,,,,,,,,,,,,,,,,,,,,,,,,,
0.0484335971245855,220,13,57,16,0,22,189,142,159,14,154,1,0,35,152,53,44,0,0,0,0,0,255,255,41,179,252,180,0,0,0,0,0,0,,,,,,,,,,,,,,,,,,,,,,,,,,,,,,,,
0.0488177971017763,219,13,57,15,0,21,142,76,187,32,255,255,127,207,255,255,63,255,255,255,255,255,255,42,61,84,100,0,0,0,0,0,0,0,,,,,,,,,,,,,,,,,,,,,,,,,,,,,,,,
0.00264559984293555,217,13,57,19,0,21,171,216,122,10,160,105,141,205,15,18,64,240,255,255,255,255,255,225,40,174,200,0,0,0,0,0,0,0,,,,,,,,,,,,,,,,,,,,,,,,,,,,,,,,
0.00324589980729684,45,14,185,93,131,4,196,9,0,144,112,151,88,98,70,82,117,43,136,224,48,255,255,255,127,64,2,210,53,255,255,255,255,0,254,255,229,21,238,220,0,0,0,0,0,0,0,0,0,0,,,,,,,,,,,,,,,,
0.00376719977634821,227,9,65,0,5,8,1,153,64,29,170,190,58,230,,,,,,,,,,,,,,,,,,,,,,,,,,,,,,,,,,,,,,,,,,,,,,,,,,,,
0.00579329965606235,219,15,57,14,1,15,192,53,255,255,255,255,255,255,255,223,211,8,188,253,255,57,14,0,32,51,54,151,32,104,129,131,26,63,38,128,85,104,77,193,22,179,40,29,92,5,3,0,241,255,255,255,255,226,26,130,104,0,0,0,0,0,0,0,0,0
0.0104755993780827,219,13,57,15,0,21,20,180,151,32,255,255,127,207,255,255,63,255,255,255,255,255,255,226,187,122,118,0,0,0,0,0,0,0,,,,,,,,,,,,,,,,,,,,,,,,,,,,,,,,
0.0108607993552141,220,13,57,16,0,22,34,204,123,14,154,1,0,35,152,53,44,0,0,0,0,0,255,255,225,27,198,114,0,0,0,0,0,0,,,,,,,,,,,,,,,,,,,,,,,,,,,,,,,,
0.0207002987710609,417436816,15,0,0,0,1,85,85,85,85,5,103,6,215,3,0,0,239,1,103,1,59,2,141,0,0,135,1,146,1,0,0,238,8,231,8,0,0,85,84,81,16,1,15,1,198,1,148,1,113,1,80,1,85,85,81,77,3,19,17,0,21,5,21,0,0
0.022645598655572,217,13,57,19,0,21,153,146,123,10,160,105,205,205,15,18,64,240,255,255,255,255,255,227,216,95,239,0,0,0,0,0,0,0,,,,,,,,,,,,,,,,,,,,,,,,,,,,,,,,
0.0231898986232579,45,14,228,98,132,4,196,9,0,144,112,151,88,98,70,82,117,43,136,224,48,255,255,255,127,64,2,210,53,255,255,255,255,0,254,255,231,154,129,30,0,0,0,0,0,0,0,0,0,0,,,,,,,,,,,,,,,,
0.0257669984702602,219,14,57,14,0,32,94,253,152,32,104,129,131,26,63,38,128,85,104,77,193,22,179,40,29,92,5,3,0,241,255,255,255,255,228,54,23,79,0,0,0,0,0,0,0,0,0,0,0,0,,,,,,,,,,,,,,,,
0.0305262981877092,219,13,57,15,0,21,170,65,152,32,255,255,127,207,255,255,63,255,255,255,255,255,255,228,48,212,127,0,0,0,0,0,0,0,,,,,,,,,,,,,,,,,,,,,,,,,,,,,,,,
0.0309144981646625,220,13,57,16,0,22,189,164,124,14,154,1,0,35,152,53,44,0,0,0,0,0,255,255,227,180,181,156,0,0,0,0,0,0,,,,,,,,,,,,,,,,,,,,,,,,,,,,,,,,
0.0432356974331753,45,14,251,107,133,4,196,9,0,144,112,151,88,98,70,82,117,43,136,224,48,255,255,255,127,64,2,210,53,255,255,255,255,0,254,255,233,161,50,105,0,0,0,0,0,0,0,0,0,0,,,,,,,,,,,,,,,,
0.0437559974022861,217,13,57,19,0,21,8,80,124,10,160,105,77,206,15,18,64,240,255,255,255,255,255,229,53,116,98,0,0,0,0,0,0,0,,,,,,,,,,,,,,,,,,,,,,,,,,,,,,,,
0.0441362973797084,227,8,0,128,0,4,173,188,10,0,,,,,,,,,,,,,,,,,,,,,,,,,,,,,,,,,,,,,,,,,,,,,,,,,,,,,,,,
0.0457893972815668,219,14,57,14,0,32,5,104,153,32,104,129,131,26,63,38,128,85,104,77,193,22,179,40,29,92,6,3,0,241,255,255,255,255,230,143,115,47,0,0,0,0,0,0,0,0,0,0,0,0,,,,,,,,,,,,,,,,
0.00781929953578242,217,14,57,19,1,11,88,186,136,85,149,0,254,3,186,255,239,57,19,0,21,25,201,100,10,160,105,77,206,15,18,64,240,255,255,255,255,255,181,44,141,186,0,0,0,0,0,0,0,0,,,,,,,,,,,,,,,,
0.00833249950531467,45,14,68,184,109,4,196,9,0,144,112,151,88,98,70,82,117,43,136,224,48,255,255,255,127,64,2,210,53,255,255,255,255,0,254,255,185,8,57,67,0,0,0,0,0,0,0,0,0,0,,,,,,,,,,,,,,,,
0.00885189947447884,212,8,57,4,6,4,73,201,75,132,,,,,,,,,,,,,,,,,,,,,,,,,,,,,,,,,,,,,,,,,,,,,,,,,,,,,,,,
0.0108549993555584,219,14,57,14,0,32,61,69,129,32,104,129,131,26,63,38,128,21,104,77,193,22,179,40,29,92,5,3,0,241,255,255,255,255,182,173,248,130,0,0,0,0,0,0,0,0,0,0,0,0,,,,,,,,,,,,,,,,
0.015447299082922,220,13,57,16,0,22,22,62,101,14,154,1,0,35,152,53,44,0,0,0,0,0,255,255,181,107,160,1,0,0,0,0,0,0,,,,,,,,,,,,,,,,,,,,,,,,,,,,,,,,
0.0158313990601187,219,13,57,15,0,21,89,200,129,32,255,255,127,207,255,255,63,255,255,255,255,255,255,182,23,138,252,0,0,0,0,0,0,0,,,,,,,,,,,,,,,,,,,,,,,,,,,,,,,,
0.0162185990371313,417436816,15,0,0,0,1,85,85,85,85,5,104,6,216,3,0,0,239,1,103,1,59,2,141,0,0,132,1,143,1,0,0,239,8,232,8,0,0,85,84,81,17,1,16,1,197,1,147,1,113,1,80,1,85,85,81,83,3,19,17,0,21,5,21,0,0
0.0182717989152366,227,9,57,6,11,8,0,17,17,24,0,0,208,255,,,,,,,,,,,,,,,,,,,,,,,,,,,,,,,,,,,,,,,,,,,,,,,,,,,,
0.0276916983559943,217,13,57,19,0,21,43,131,101,10,160,105,13,206,15,18,64,240,255,255,255,255,255,183,40,111,27,0,0,0,0,0,0,0,,,,,,,,,,,,,,,,,,,,,,,,,,,,,,,,
0.028325998318337,45,14,101,163,110,4,196,9,0,144,112,151,88,98,70,82,117,43,136,224,48,255,255,255,127,64,2,210,53,255,255,255,255,0,254,255,187,32,63,62,0,0,0,0,0,0,0,0,0,0,,,,,,,,,,,,,,,,
0.028848298287329,79,8,32,191,1,160,0,73,166,217,,,,,,,,,,,,,,,,,,,,,,,,,,,,,,,,,,,,,,,,,,,,,,,,,,,,,,,,
0.0290136982775095,227,15,65,0,5,8,0,128,3,67,208,1,186,110,57,4,34,8,0,61,135,126,120,15,250,255,57,128,0,12,0,127,166,143,26,48,176,254,189,160,95,25,5,0,0,12,245,252,255,0,0,0,0,0,189,168,250,154,0,0,0,0,0,0,0,0
0.0308757981669601,219,14,57,14,0,32,245,233,130,32,104,129,131,26,63,38,128,85,104,77,193,22,179,40,29,92,5,3,0,241,255,255,255,255,184,171,28,58,0,0,0,0,0,0,0,0,0,0,0,0,,,,,,,,,,,,,,,,
0.0334360980149597,212,9,57,4,12,5,14,15,244,255,255,0,0,0,,,,,,,,,,,,,,,,,,,,,,,,,,,,,,,,,,,,,,,,,,,,,,,,,,,,
0.0354571978949707,220,14,57,16,1,16,85,67,64,57,85,16,57,70,233,156,17,32,149,192,255,245,57,16,0,22,91,214,102,14,154,1,0,35,152,53,44,0,0,0,0,0,255,255,183,118,247,14,0,0,,,,,,,,,,,,,,,,
0.0359713978644436,219,13,57,15,0,21,127,249,130,32,255,255,127,207,255,255,63,255,255,255,255,255,255,184,139,20,139,0,0,0,0,0,0,0,,,,,,,,,,,,,,,,,,,,,,,,,,,,,,,,
0.0456616972891482,417436816,15,1,228,1,102,13,125,1,128,12,241,0,188,2,6,6,32,3,0,0,64,31,1,54,1,172,13,233,6,1,32,3,72,14,1,251,6,135,12,0,0,1,1,0,0,244,55,208,7,172,13,64,31,12,14,25,87,19,17,0,21,5,21,0,0
0.0476910971686664,217,13,57,19,0,21,173,7,102,10,160,105,141,206,15,18,64,240,255,255,255,255,255,185,229,172,89,0,0,0,0,0,0,0,,,,,,,,,,,,,,,,,,,,,,,,,,,,,,,,
0.0483243971310685,45,14,122,170,111,4,196,9,0,144,112,151,88,98,70,82,117,43,136,224,48,255,255,255,127,64,2,210,53,255,255,255,255,0,254,255,189,43,127,247,0,0,0,0,0,0,0,0,0,0,,,,,,,,,,,,,,,,
0.0488446971001792,227,9,65,0,5,8,1,122,194,115,227,131,140,165,,,,,,,,,,,,,,,,,,,,,,,,,,,,,,,,,,,,,,,,,,,,,,,,,,,,
0.00761779954774511,217,13,57,19,0,21,233,98,77,10,160,105,77,206,15,18,64,240,255,255,255,255,255,135,26,120,165,0,0,0,0,0,0,0,,,,,,,,,,,,,,,,,,,,,,,,,,,,,,,,
0.00801099952440154,45,14,172,73,86,4,196,9,0,144,112,151,88,98,70,82,117,43,136,224,48,255,255,255,127,64,2,210,53,255,255,255,255,0,254,255,139,152,137,112,0,0,0,0,0,0,0,0,0,0,,,,,,,,,,,,,,,,
0.00853039949356571,227,9,65,0,5,8,1,246,26,103,222,140,134,49,,,,,,,,,,,,,,,,,,,,,,,,,,,,,,,,,,,,,,,,,,,,,,,,,,,,
0.0105704993724487,219,15,57,14,1,15,216,53,255,255,255,255,255,255,255,223,211,8,188,253,255,57,14,0,32,151,144,106,32,104,129,131,26,63,38,128,149,104,77,193,22,179,40,29,92,5,3,0,241,255,255,255,255,136,44,60,149,0,0,0,0,0,0,0,0,0
0.0151566991001744,220,13,57,16,0,22,202,129,78,14,154,1,0,35,152,53,44,0,0,0,0,0,255,255,135,86,27,95,0,0,0,0,0,0,,,,,,,,,,,,,,,,,,,,,,,,,,,,,,,,
0.0155408990773651,219,13,57,15,0,21,97,202,106,32,255,255,127,207,255,255,63,255,255,255,255,255,255,136,7,95,185,0,0,0,0,0,0,0,,,,,,,,,,,,,,,,,,,,,,,,,,,,,,,,
0.0253801984932238,417436816,15,0,0,0,1,85,85,85,85,5,104,6,216,3,0,0,239,1,103,1,59,2,141,0,0,132,1,143,1,0,0,238,8,226,8,0,0,85,83,81,16,1,16,1,197,1,147,1,112,1,80,1,85,85,81,53,3,19,17,0,21,5,21,0,0
0.02761849836034,217,13,57,19,0,21,191,188,78,10,160,105,141,206,15,18,64,240,255,255,255,255,255,137,127,86,163,0,0,0,0,0,0,0,,,,,,,,,,,,,,,,,,,,,,,,,,,,,,,,
0.0279987983377623,45,14,185,99,87,4,196,9,0,144,112,151,88,98,70,82,117,43,152,224,48,255,255,255,127,64,2,210,53,255,255,255,255,0,254,255,141,151,12,199,0,0,0,0,0,0,0,0,0,0,,,,,,,,,,,,,,,,
0.0285170983069918,79,8,40,148,0,0,51,92,179,112,,,,,,,,,,,,,,,,,,,,,,,,,,,,,,,,,,,,,,,,,,,,,,,,,,,,,,,,
0.0305532981861063,219,14,57,15,1,6,77,133,4,96,120,25,57,14,0,32,190,231,107,32,104,129,131,26,63,38,128,85,104,77,193,22,179,40,29,92,5,3,0,241,255,255,255,255,138,54,181,23,0,0,,,,,,,,,,,,,,,,
0.0323273980807812,68,1,4,,,,,,,,,,,,,,,,,,,,,,,,,,,,,,,,,,,,,,,,,,,,,,,,,,,,,,,,,,,,,,,
0.035237697908002,220,13,57,16,0,22,238,41,79,14,154,1,0,35,152,53,44,0,0,0,0,0,255,255,137,14,177,220,0,0,0,0,0,0,,,,,,,,,,,,,,,,,,,,,,,,,,,,,,,,
0.0356187978853768,219,13,57,15,0,21,131,218,107,32,255,255,127,207,255,255,63,255,255,255,255,255,255,138,206,222,54,0,0,0,0,0,0,0,,,,,,,,,,,,,,,,,,,,,,,,,,,,,,,,
0.048018097149253,45,14,22,55,88,4,196,9,0,144,112,151,88,98,70,82,117,43,136,224,48,255,255,255,127,64,2,210,53,255,255,255,255,0,254,255,143,89,136,130,0,0,0,0,0,0,0,0,0,0,,,,,,,,,,,,,,,,
0.0485384971183578,227,8,0,128,0,4,178,162,1,0,,,,,,,,,,,,,,,,,,,,,,,,,,,,,,,,,,,,,,,,,,,,,,,,,,,,,,,,
0.0488337971008264,217,13,57,19,0,21,141,246,79,10,160,105,205,206,15,18,64,240,255,255,255,255,255,139,34,175,157,0,0,0,0,0,0,0,,,,,,,,,,,,,,,,,,,,,,,,,,,,,,,,
0.00613899963553877,417436816,15,4,86,1,84,1,15,0,72,48,238,12,109,13,34,1,126,1,8,3,1,1,1,1,1,0,0,0,0,0,0,0,0,0,0,0,0,0,0,0,0,0,0,0,0,0,0,0,0,0,0,0,0,0,0,0,0,19,17,0,21,5,21,0,0
0.00813529951702208,217,13,57,19,0,21,231,62,54,10,160,105,205,205,15,18,64,240,255,255,255,255,255,89,71,239,11,0,0,0,0,0,0,0,,,,,,,,,,,,,,,,,,,,,,,,,,,,,,,,
0.00897759946701626,45,14,8,92,63,4,196,9,0,144,112,151,88,98,70,82,117,43,136,224,48,255,255,255,127,64,2,210,53,255,255,255,255,0,254,255,93,248,94,86,0,0,0,0,0,0,0,0,0,0,,,,,,,,,,,,,,,,
0.00949989943600826,227,8,0,128,0,4,121,4,252,0,,,,,,,,,,,,,,,,,,,,,,,,,,,,,,,,,,,,,,,,,,,,,,,,,,,,,,,,
0.0115059993169098,219,14,57,14,0,32,57,104,83,32,104,129,131,26,63,38,128,85,104,77,193,22,179,40,29,92,5,3,0,241,255,255,255,255,90,194,88,222,0,0,0,0,0,0,0,0,0,0,0,0,,,,,,,,,,,,,,,,
0.0160742990456981,220,13,57,16,0,22,93,209,55,14,154,1,0,35,152,53,44,0,0,0,0,0,255,255,89,54,251,49,0,0,0,0,0,0,,,,,,,,,,,,,,,,,,,,,,,,,,,,,,,,
0.0164563990230135,219,13,57,15,0,21,144,127,83,32,255,255,127,207,255,255,63,255,255,255,255,255,255,90,38,114,148,0,0,0,0,0,0,0,,,,,,,,,,,,,,,,,,,,,,,,,,,,,,,,
0.0189445988752937,212,10,57,12,20,12,255,255,255,255,253,255,255,255,255,255,255,255,,,,,,,,,,,,,,,,,,,,,,,,,,,,,,,,,,,,,,,,,,,,,,,,
0.0282344983237692,217,14,57,19,1,11,88,186,136,85,149,0,254,3,186,255,239,57,19,0,21,58,158,55,10,160,105,77,206,15,18,64,240,255,255,255,255,255,91,157,48,226,0,0,0,0,0,0,0,0,,,,,,,,,,,,,,,,
0.0289986982784001,45,14,30,238,64,4,196,9,0,144,112,151,88,98,70,82,117,43,136,224,48,255,255,255,127,64,2,210,53,255,255,255,255,0,254,255,95,57,139,76,0,0,0,0,0,0,0,0,0,0,,,,,,,,,,,,,,,,
0.0295200982474455,212,8,57,4,6,4,62,58,66,132,,,,,,,,,,,,,,,,,,,,,,,,,,,,,,,,,,,,,,,,,,,,,,,,,,,,,,,,
0.0314762981313095,219,14,57,14,0,32,213,151,84,32,104,129,131,26,63,38,128,85,104,77,193,22,179,40,29,92,5,3,0,241,255,255,255,255,92,182,183,14,0,0,0,0,0,0,0,0,0,0,0,0,,,,,,,,,,,,,,,,
0.035970497864497,220,13,57,16,0,22,71,168,56,14,154,1,0,35,152,53,44,0,0,0,0,0,255,255,91,214,42,92,0,0,0,0,0,0,,,,,,,,,,,,,,,,,,,,,,,,,,,,,,,,
0.0363535978417531,219,13,57,15,0,21,62,13,84,32,255,255,127,207,255,255,63,255,255,255,255,255,255,92,44,66,150,0,0,0,0,0,0,0,,,,,,,,,,,,,,,,,,,,,,,,,,,,,,,,
0.0367397978188251,417436816,15,0,0,0,1,85,85,85,85,5,104,6,216,3,0,0,239,1,103,1,59,2,141,0,0,134,1,144,1,0,0,232,8,230,8,0,0,85,84,81,16,1,16,1,199,1,147,1,112,1,80,1,85,85,81,67,3,19,17,0,21,5,21,0,0
0.0388869976913497,227,9,57,6,11,8,0,17,17,24,0,0,208,255,,,,,,,,,,,,,,,,,,,,,,,,,,,,,,,,,,,,,,,,,,,,,,,,,,,,
0.0481468971416064,217,13,57,19,0,21,132,107,56,10,160,105,77,206,15,18,64,240,255,255,255,255,255,93,36,124,34,0,0,0,0,0,0,0,,,,,,,,,,,,,,,,,,,,,,,,,,,,,,,,
0.048955097093625,45,14,1,231,65,4,196,9,0,144,112,151,88,98,70,82,117,43,136,224,48,255,255,255,127,64,2,210,53,255,255,255,255,0,254,255,97,234,250,117,0,0,0,0,0,0,0,0,0,0,,,,,,,,,,,,,,,,
0.0494764970626704,227,12,65,0,5,8,0,128,3,67,208,1,96,93,57,4,34,8,0,61,134,126,120,15,250,255,,,,,,,,,,,,,,,,,,,,,,,,,,,,,,,,,,,,,,,,
0.000130299992264327,45,14,99,168,34,4,196,9,0,144,112,151,88,98,70,82,117,43,136,224,48,255,255,255,127,64,2,210,53,255,255,255,255,0,254,255,35,95,18,224,0,0,0,0,0,0,0,0,0,0,,,,,,,,,,,,,,,,
0.000651599961315696,212,8,57,4,6,4,17,218,60,132,,,,,,,,,,,,,,,,,,,,,,,,,,,,,,,,,,,,,,,,,,,,,,,,,,,,,,,,
0.00266179984197379,219,14,57,14,0,32,31,9,54,32,104,129,131,26,63,38,128,85,104,77,193,22,179,40,29,92,6,3,0,241,255,255,255,255,32,245,124,205,0,0,0,0,0,0,0,0,0,0,0,0,,,,,,,,,,,,,,,,
0.00711699957747669,220,13,57,16,0,22,58,174,26,14,154,1,0,35,152,53,44,0,0,0,0,0,255,255,31,165,100,164,0,0,0,0,0,0,,,,,,,,,,,,,,,,,,,,,,,,,,,,,,,,
0.00750009955473274,219,13,57,15,0,21,252,104,54,32,255,255,127,207,255,255,63,255,255,255,255,255,255,32,184,241,11,0,0,0,0,0,0,0,,,,,,,,,,,,,,,,,,,,,,,,,,,,,,,,
0.00788729953174538,417436816,15,0,0,0,1,85,85,85,85,5,103,6,215,3,0,0,239,1,103,1,59,2,141,0,0,132,1,143,1,0,0,234,8,231,8,0,0,85,84,81,15,1,16,1,198,1,147,1,112,1,81,1,85,85,81,70,3,19,17,0,21,5,21,0,0
0.0100645994024831,227,9,57,6,11,8,0,17,17,24,0,0,208,255,,,,,,,,,,,,,,,,,,,,,,,,,,,,,,,,,,,,,,,,,,,,,,,,,,,,
0.0103638993847142,79,8,32,226,14,160,0,73,166,215,,,,,,,,,,,,,,,,,,,,,,,,,,,,,,,,,,,,,,,,,,,,,,,,,,,,,,,,
0.019378798849516,217,13,57,19,0,21,231,47,26,10,160,105,13,207,15,18,64,240,255,255,255,255,255,33,53,95,104,0,0,0,0,0,0,0,,,,,,,,,,,,,,,,,,,,,,,,,,,,,,,,
0.0201439988040875,45,14,124,161,35,4,196,9,0,144,112,151,88,98,70,82,117,43,136,224,48,255,255,255,127,64,2,210,53,255,255,255,255,0,254,255,37,169,216,216,0,0,0,0,0,0,0,0,0,0,,,,,,,,,,,,,,,,
0.0206643987731923,227,12,65,0,5,8,0,128,3,67,208,1,36,38,57,4,34,8,0,61,134,126,120,15,250,255,,,,,,,,,,,,,,,,,,,,,,,,,,,,,,,,,,,,,,,,
0.0226674986542719,219,14,57,14,0,32,139,45,55,32,104,129,131,26,63,38,128,85,104,77,193,22,179,40,29,92,6,3,0,241,255,255,255,255,34,1,181,249,0,0,0,0,0,0,0,0,0,0,0,0,,,,,,,,,,,,,,,,
0.025239698501565,212,14,57,4,12,5,14,15,244,255,255,57,21,1,20,68,249,145,229,248,95,245,255,255,255,255,254,7,0,161,40,117,254,255,255,0,0,0,0,0,0,0,0,0,0,0,0,0,0,0,,,,,,,,,,,,,,,,
0.0271448983884568,220,14,57,16,1,16,85,67,64,0,85,16,193,18,233,156,17,32,149,192,255,245,57,16,0,22,30,6,27,14,154,1,0,35,152,53,44,0,0,0,0,0,255,255,33,37,194,205,0,0,,,,,,,,,,,,,,,,
0.0276610983578109,219,13,57,15,0,21,30,120,55,32,255,255,127,207,255,255,63,255,255,255,255,255,255,34,153,125,187,0,0,0,0,0,0,0,,,,,,,,,,,,,,,,,,,,,,,,,,,,,,,,
0.0373533977823968,417436816,15,1,229,1,102,13,124,1,128,12,241,0,188,2,6,6,32,3,0,0,64,31,1,190,3,172,13,240,6,1,32,3,80,14,1,251,6,131,12,0,0,1,1,0,0,244,55,208,7,172,13,64,31,12,100,25,87,19,17,0,21,5,21,0,0
0.0393837976618556,217,13,57,19,0,21,208,137,27,10,160,105,141,206,15,18,64,240,255,255,255,255,255,35,100,133,112,0,0,0,0,0,0,0,,,,,,,,,,,,,,,,,,,,,,,,,,,,,,,,
0.0401209976180894,45,14,33,158,36,4,196,9,0,144,112,151,88,98,70,82,117,43,136,224,48,255,255,255,127,64,2,210,53,255,255,255,255,0,254,255,39,235,75,131,0,0,0,0,0,0,0,0,0,0,,,,,,,,,,,,,,,,
0.0406412975872001,227,9,65,0,5,8,1,248,130,101,29,211,48,179,,,,,,,,,,,,,,,,,,,,,,,,,,,,,,,,,,,,,,,,,,,,,,,,,,,,
0.0426754974664334,219,15,57,14,1,15,184,53,255,255,255,255,255,255,255,223,211,8,188,253,255,57,14,0,32,230,230,56,32,104,129,131,26,63,38,128,85,104,77,193,22,179,40,29,92,6,3,0,241,255,255,255,255,36,44,34,49,0,0,0,0,0,0,0,0,0
0.047264697193981,220,13,57,16,0,22,129,110,28,14,154,1,0,35,152,53,44,0,0,0,0,0,255,255,35,109,119,156,0,0,0,0,0,0,,,,,,,,,,,,,,,,,,,,,,,,,,,,,,,,
0.0476478971712311,219,13,57,15,0,21,160,141,56,32,255,255,127,207,255,255,63,255,255,255,255,255,255,36,20,240,120,0,0,0,0,0,0,0,,,,,,,,,,,,,,,,,,,,,,,,,,,,,,,,
0.000215799987188348,45,14,224,173,4,4,196,9,0,144,112,151,88,98,70,82,117,43,136,224,48,255,255,255,127,64,2,210,53,255,255,255,255,0,254,255,231,23,75,114,0,0,0,0,0,0,0,0,0,0,,,,,,,,,,,,,,,,
0.000738199956174412,212,8,57,4,6,4,186,178,54,132,,,,,,,,,,,,,,,,,,,,,,,,,,,,,,,,,,,,,,,,,,,,,,,,,,,,,,,,
0.00275729983630413,219,14,57,14,0,32,89,68,24,32,104,129,131,26,63,38,128,21,104,77,193,22,179,40,29,92,5,3,0,241,255,255,255,255,228,21,210,95,0,0,0,0,0,0,0,0,0,0,0,0,,,,,,,,,,,,,,,,
0.00711949957732827,220,13,57,16,0,22,204,172,252,14,154,1,0,35,152,53,44,0,0,0,0,0,255,255,227,34,33,83,0,0,0,0,0,0,,,,,,,,,,,,,,,,,,,,,,,,,,,,,,,,
0.00750269955457838,219,13,57,15,0,21,162,177,24,32,255,255,127,207,255,255,63,255,255,255,255,255,255,228,203,103,79,0,0,0,0,0,0,0,,,,,,,,,,,,,,,,,,,,,,,,,,,,,,,,
0.00788879953165633,417436816,15,0,0,0,1,85,85,85,85,5,104,6,216,3,0,0,239,1,103,1,59,2,141,0,0,130,1,142,1,0,0,239,8,227,8,0,0,85,83,81,17,1,15,1,198,1,147,1,112,1,80,1,85,85,81,70,3,19,17,0,21,5,21,0,0
0.00857999949062105,14420061,8,64,2,0,0,0,0,0,0,,,,,,,,,,,,,,,,,,,,,,,,,,,,,,,,,,,,,,,,,,,,,,,,,,,,,,,,
0.0101661993964512,227,9,57,6,11,8,0,17,17,24,0,0,208,255,,,,,,,,,,,,,,,,,,,,,,,,,,,,,,,,,,,,,,,,,,,,,,,,,,,,
0.0196840988313909,217,13,57,19,0,21,165,249,252,10,160,105,13,207,15,18,64,240,255,255,255,255,255,229,58,236,76,0,0,0,0,0,0,0,,,,,,,,,,,,,,,,,,,,,,,,,,,,,,,,
0.020238298798489,45,14,255,164,5,4,196,9,0,144,112,151,88,98,70,82,117,43,136,224,48,255,255,255,127,64,2,210,53,255,255,255,255,0,254,255,233,145,36,161,0,0,0,0,0,0,0,0,0,0,,,,,,,,,,,,,,,,
0.0207596987675345,227,12,65,0,5,8,0,128,3,67,208,0,232,182,57,4,34,8,0,61,134,126,120,15,250,255,,,,,,,,,,,,,,,,,,,,,,,,,,,,,,,,,,,,,,,,
0.0227627986486141,219,14,57,14,0,32,120,170,25,31,104,129,131,26,63,38,128,85,104,77,193,22,179,40,29,92,5,3,0,241,255,255,255,255,230,214,2,233,0,0,0,0,0,0,0,0,0,0,0,0,,,,,,,,,,,,,,,,
0.0253349984959073,212,14,57,4,12,5,14,15,244,255,255,57,21,1,20,68,249,145,225,248,95,245,255,255,255,255,254,7,0,161,40,117,254,255,255,0,0,0,0,0,0,0,0,0,0,0,0,0,0,0,,,,,,,,,,,,,,,,
0.0271281983894482,220,14,57,16,1,16,85,67,64,0,85,16,145,6,232,156,17,32,149,192,255,245,57,16,0,22,232,4,253,14,154,1,0,35,152,53,44,0,0,0,0,0,255,255,229,121,166,59,0,0,,,,,,,,,,,,,,,,
0.027645398358743,219,13,57,15,0,21,64,161,25,32,255,255,127,207,255,255,63,255,255,255,255,255,255,230,50,78,108,0,0,0,0,0,0,0,,,,,,,,,,,,,,,,,,,,,,,,,,,,,,,,
0.0372976977857036,417436816,15,1,230,1,102,13,124,1,128,12,241,0,188,2,6,6,32,3,0,0,64,31,1,190,3,172,13,240,6,1,32,3,80,14,1,250,6,131,12,0,0,1,1,0,0,244,55,208,7,172,13,64,31,12,94,15,87,19,17,0,21,5,21,0,0
0.0394310976590475,217,13,57,19,0,21,146,95,253,10,160,105,141,206,15,18,64,240,255,255,255,255,255,231,131,7,91,0,0,0,0,0,0,0,,,,,,,,,,,,,,,,,,,,,,,,,,,,,,,,
0.0402142976125504,45,14,222,191,6,4,196,9,0,144,112,151,88,98,70,82,117,43,136,224,48,255,255,255,127,64,2,210,53,255,255,255,255,0,254,255,235,213,94,56,0,0,0,0,0,0,0,0,0,0,,,,,,,,,,,,,,,,
0.0407365975815424,227,9,65,0,5,8,1,165,202,45,60,13,134,58,,,,,,,,,,,,,,,,,,,,,,,,,,,,,,,,,,,,,,,,,,,,,,,,,,,,
0.0427716974607222,219,15,57,14,1,15,192,53,255,255,255,255,255,255,255,223,211,8,188,253,255,57,14,0,32,5,204,26,32,104,129,131,26,63,38,128,85,104,77,193,22,179,40,29,92,5,3,0,241,255,255,255,255,232,97,56,111,0,0,0,0,0,0,0,0,0
0.047202997197644,220,13,57,16,0,22,165,236,254,14,154,1,0,35,152,53,44,0,0,0,0,0,255,255,231,183,34,221,0,0,0,0,0,0,,,,,,,,,,,,,,,,,,,,,,,,,,,,,,,,
0.0475860971749,219,13,57,15,0,21,102,144,26,32,255,255,127,207,255,255,63,255,255,255,255,255,255,232,41,169,121,0,0,0,0,0,0,0,,,,,,,,,,,,,,,,,,,,,,,,,,,,,,,,
